State,,County,Percent
AL,0,Autauga,0.27
AL,1,Baldwin,0.22
AL,2,Barbour,0.46
AL,3,Bibb,0.21
AL,4,Blount,0.10
AL,5,Bullock,0.75
AL,6,Butler,0.42
AL,7,Calhoun,0.30
AL,8,Chambers,0.42
AL,9,Cherokee,0.13
AL,10,Chilton,0.16
AL,11,Choctaw,0.42
AL,12,Clarke,0.44
AL,13,Clay,0.18
AL,14,Cleburne,0.09
AL,15,Coffee,0.23
AL,16,Colbert,0.29
AL,17,Conecuh,0.46
AL,18,Coosa,0.33
AL,19,Covington,0.16
AL,20,Crenshaw,0.26
AL,21,Cullman,0.11
AL,22,Dale,0.26
AL,23,Dallas,0.69
AL,24,DeKalb,0.15
AL,25,Elmore,0.25
AL,26,Escambia,0.31
AL,27,Etowah,0.24
AL,28,Fayette,0.16
AL,29,Franklin,0.17
AL,30,Geneva,0.13
AL,31,Greene,0.81
AL,32,Hale,0.59
AL,33,Henry,0.28
AL,34,Houston,0.28
AL,35,Jackson,0.16
AL,36,Jefferson,0.56
AL,37,Lamar,0.14
AL,38,Lauderdale,0.27
AL,39,Lawrence,0.22
AL,40,Lee,0.39
AL,41,Limestone,0.28
AL,42,Lowndes,0.73
AL,43,Macon,0.82
AL,44,Madison,0.45
AL,45,Marengo,0.50
AL,46,Marion,0.11
AL,47,Marshall,0.15
AL,48,Mobile,0.43
AL,49,Monroe,0.42
AL,50,Montgomery,0.65
AL,51,Morgan,0.25
AL,52,Perry,0.74
AL,53,Pickens,0.42
AL,54,Pike,0.41
AL,55,Randolph,0.20
AL,56,Russell,0.53
AL,57,St. Clair,0.17
AL,58,Shelby,0.29
AL,59,Sumter,0.74
AL,60,Talladega,0.37
AL,61,Tallapoosa,0.28
AL,62,Tuscaloosa,0.42
AL,63,Walker,0.16
AL,64,Washington,0.25
AL,65,Wilcox,0.69
AL,66,Winston,0.09
AK,0,ED 1,0.48
AK,1,ED 2,0.34
AK,2,ED 3,0.23
AK,3,ED 4,0.53
AK,4,ED 5,0.48
AK,5,ED 6,0.35
AK,6,ED 7,0.23
AK,7,ED 8,0.20
AK,8,ED 9,0.25
AK,9,ED 10,0.25
AK,10,ED 11,0.30
AK,11,ED 12,0.26
AK,12,ED 13,0.35
AK,13,ED 14,0.37
AK,14,ED 15,0.47
AK,15,ED 16,0.53
AK,16,ED 17,0.57
AK,17,ED 18,0.61
AK,18,ED 19,0.59
AK,19,ED 20,0.66
AK,20,ED 21,0.58
AK,21,ED 22,0.48
AK,22,ED 23,0.49
AK,23,ED 24,0.45
AK,24,ED 25,0.49
AK,25,ED 26,0.45
AK,26,ED 27,0.51
AK,27,ED 28,0.49
AK,28,ED 29,0.28
AK,29,ED 30,0.26
AK,30,ED 31,0.41
AK,31,ED 32,0.42
AK,32,ED 33,0.69
AK,33,ED 34,0.54
AK,34,ED 35,0.50
AK,35,ED 36,0.41
AK,36,ED 37,0.48
AK,37,ED 38,0.61
AK,38,ED 39,0.62
AK,39,ED 40,0.50
AZ,0,Apache,0.66
AZ,1,Cochise,0.39
AZ,2,Coconino,0.61
AZ,3,Gila,0.32
AZ,4,Graham,0.27
AZ,5,Greenlee,0.32
AZ,6,La Paz,0.30
AZ,7,Maricopa,0.50
AZ,8,Mohave,0.24
AZ,9,Navajo,0.45
AZ,10,Pima,0.59
AZ,11,Pinal,0.41
AZ,12,Santa Cruz,0.67
AZ,13,Yavapai,0.35
AZ,14,Yuma,0.46
AR,0,Arkansas,0.29
AR,1,Ashley,0.27
AR,2,Baxter,0.22
AR,3,Benton,0.35
AR,4,Boone,0.18
AR,5,Bradley,0.33
AR,6,Calhoun,0.22
AR,7,Carroll,0.34
AR,8,Chicot,0.55
AR,9,Clark,0.41
AR,10,Clay,0.19
AR,11,Cleburne,0.16
AR,12,Cleveland,0.18
AR,13,Columbia,0.33
AR,14,Conway,0.30
AR,15,Craighead,0.31
AR,16,Crawford,0.21
AR,17,Crittenden,0.52
AR,18,Cross,0.26
AR,19,Dallas,0.36
AR,20,Desha,0.48
AR,21,Drew,0.35
AR,22,Faulkner,0.34
AR,23,Franklin,0.18
AR,24,Fulton,0.20
AR,25,Garland,0.32
AR,26,Grant,0.16
AR,27,Greene,0.19
AR,28,Hempstead,0.31
AR,29,Hot Spring,0.25
AR,30,Howard,0.28
AR,31,Independence,0.19
AR,32,Izard,0.18
AR,33,Jackson,0.27
AR,34,Jefferson,0.60
AR,35,Johnson,0.24
AR,36,Lafayette,0.31
AR,37,Lawrence,0.18
AR,38,Lee,0.50
AR,39,Lincoln,0.27
AR,40,Little River,0.24
AR,41,Logan,0.19
AR,42,Lonoke,0.22
AR,43,Madison,0.21
AR,44,Marion,0.20
AR,45,Miller,0.26
AR,46,Mississippi,0.37
AR,47,Monroe,0.41
AR,48,Montgomery,0.19
AR,49,Nevada,0.37
AR,50,Newton,0.18
AR,51,Ouachita,0.42
AR,52,Perry,0.22
AR,53,Phillips,0.58
AR,54,Pike,0.15
AR,55,Poinsett,0.19
AR,56,Polk,0.15
AR,57,Pope,0.24
AR,58,Prairie,0.19
AR,59,Pulaski,0.60
AR,60,Randolph,0.18
AR,61,Saint Francis,0.51
AR,62,Saline,0.28
AR,63,Scott,0.14
AR,64,Searcy,0.15
AR,65,Sebastian,0.31
AR,66,Sevier,0.22
AR,67,Sharp,0.19
AR,68,Stone,0.20
AR,69,Union,0.34
AR,70,Van Buren,0.20
AR,71,Washington,0.47
AR,72,White,0.19
AR,73,Woodruff,0.35
AR,74,Yell,0.19
CA,0,Alameda,0.80
CA,1,Alpine,0.64
CA,2,Amador,0.37
CA,3,Butte,0.50
CA,4,Calaveras,0.37
CA,5,Colusa,0.41
CA,6,Contra Costa,0.72
CA,7,Del Norte,0.41
CA,8,El Dorado,0.45
CA,9,Fresno,0.53
CA,10,Glenn,0.35
CA,11,Humboldt,0.66
CA,12,Imperial,0.62
CA,13,Inyo,0.49
CA,14,Kern,0.44
CA,15,Kings,0.42
CA,16,Lake,0.62
CA,17,Lassen,0.24
CA,18,Los Angeles,0.71
CA,19,Madera,0.43
CA,20,Marin,0.83
CA,21,Mariposa,0.40
CA,22,Mendocino,0.73
CA,23,Merced,0.54
CA,24,Modoc,0.28
CA,25,Mono,0.60
CA,26,Monterey,0.70
CA,27,Napa,0.69
CA,28,Nevada,0.56
CA,29,Orange,0.54
CA,30,Placer,0.46
CA,31,Plumas,0.41
CA,32,Riverside,0.53
CA,33,Sacramento,0.62
CA,34,San Benito,0.61
CA,35,San Bernardino,0.54
CA,36,San Diego,0.60
CA,37,San Francisco,0.85
CA,38,San Joaquin,0.56
CA,39,San Luis Obispo,0.56
CA,40,San Mateo,0.78
CA,41,Santa Barbara,0.65
CA,42,Santa Clara,0.73
CA,43,Santa Cruz,0.79
CA,44,Shasta,0.33
CA,45,Sierra,0.38
CA,46,Siskiyou,0.41
CA,47,Solano,0.64
CA,48,Sonoma,0.75
CA,49,Stanislaus,0.49
CA,50,Sutter,0.41
CA,51,Tehama,0.32
CA,52,Trinity,0.46
CA,53,Tulare,0.45
CA,54,Tuolumne,0.40
CA,55,Ventura,0.60
CA,56,Yolo,0.72
CA,57,Yuba,0.38
CO,0,Adams,0.57
CO,1,Alamosa,0.48
CO,2,Arapahoe,0.61
CO,3,Archuleta,0.41
CO,4,Baca,0.14
CO,5,Bent,0.32
CO,6,Boulder,0.77
CO,7,Chaffee,0.52
CO,8,Cheyenne,0.12
CO,9,Clear Creek,0.55
CO,10,Conejos,0.45
CO,11,Costilla,0.63
CO,12,Crowley,0.25
CO,13,Custer,0.31
CO,14,Delta,0.30
CO,15,Denver,0.80
CO,16,Dolores,0.24
CO,17,Douglas,0.45
CO,18,Eagle,0.64
CO,19,Elbert,0.24
CO,20,El Paso,0.43
CO,21,Fremont,0.29
CO,22,Garfield,0.50
CO,23,Gilpin,0.53
CO,24,Grand,0.48
CO,25,Gunnison,0.64
CO,26,Hinsdale,0.40
CO,27,Huerfano,0.47
CO,28,Jackson,0.20
CO,29,Jefferson,0.58
CO,30,Kiowa,0.11
CO,31,Kit Carson,0.17
CO,32,Lake,0.58
CO,33,La Plata,0.58
CO,34,Larimer,0.56
CO,35,Las Animas,0.44
CO,36,Lincoln,0.18
CO,37,Logan,0.21
CO,38,Mesa,0.35
CO,39,Mineral,0.42
CO,40,Moffat,0.17
CO,41,Montezuma,0.38
CO,42,Montrose,0.31
CO,43,Morgan,0.28
CO,44,Otero,0.38
CO,45,Ouray,0.59
CO,46,Park,0.40
CO,47,Phillips,0.20
CO,48,Pitkin,0.75
CO,49,Prowers,0.26
CO,50,Pueblo,0.50
CO,51,Rio Blanco,0.15
CO,52,Rio Grande,0.40
CO,53,Routt,0.63
CO,54,Saguache,0.56
CO,55,San Juan,0.61
CO,56,San Miguel,0.76
CO,57,Sedgwick,0.21
CO,58,Summit,0.68
CO,59,Teller,0.31
CO,60,Washington,0.12
CO,61,Weld,0.40
CO,62,Yuma,0.16
CO,63,Broomfield,0.62
CT,0,Fairfield,0.60
CT,1,Hartford,0.59
CT,2,Litchfield,0.51
CT,3,Middlesex,0.56
CT,4,New Haven,0.55
CT,5,New London,0.51
CT,6,Tolland,0.53
CT,7,Windham,0.46
DE,0,Kent,0.51
DE,1,New Castle,0.68
DE,2,Sussex,0.44
District of Columbia,0,Washington D.C,0.93
FL,0,Alachua,0.63
FL,1,Baker,0.15
FL,2,Bay,0.28
FL,3,Bradford,0.23
FL,4,Brevard,0.41
FL,5,Broward,0.65
FL,6,Calhoun,0.19
FL,7,Charlotte,0.36
FL,8,Citrus,0.29
FL,9,Clay,0.31
FL,10,Collier,0.37
FL,11,Columbia,0.27
FL,12,Miami-Dade,0.53
FL,13,DeSoto,0.34
FL,14,Dixie,0.17
FL,15,Duval,0.51
FL,16,Escambia,0.42
FL,17,Flagler,0.39
FL,18,Franklin,0.31
FL,19,Gadsden,0.68
FL,20,Gilchrist,0.18
FL,21,Glades,0.27
FL,22,Gulf,0.24
FL,23,Hamilton,0.34
FL,24,Hardee,0.27
FL,25,Hendry,0.38
FL,26,Hernando,0.34
FL,27,Highlands,0.33
FL,28,Hillsborough,0.53
FL,29,Holmes,0.10
FL,30,Indian River,0.39
FL,31,Jackson,0.30
FL,32,Jefferson,0.46
FL,33,Lafayette,0.14
FL,34,Lake,0.40
FL,35,Lee,0.40
FL,36,Leon,0.64
FL,37,Levy,0.27
FL,38,Liberty,0.20
FL,39,Madison,0.40
FL,40,Manatee,0.42
FL,41,Marion,0.37
FL,42,Martin,0.37
FL,43,Monroe,0.46
FL,44,Nassau,0.27
FL,45,Okaloosa,0.29
FL,46,Okeechobee,0.28
FL,47,Orange,0.61
FL,48,Osceola,0.56
FL,49,Palm Beach,0.56
FL,50,Pasco,0.39
FL,51,Pinellas,0.50
FL,52,Polk,0.42
FL,53,Putnam,0.29
FL,54,St. Johns,0.36
FL,55,St. Lucie,0.49
FL,56,Santa Rosa,0.26
FL,57,Sarasota,0.44
FL,58,Seminole,0.51
FL,59,Sumter,0.32
FL,60,Suwannee,0.21
FL,61,Taylor,0.23
FL,62,Union,0.17
FL,63,Volusia,0.43
FL,64,Wakulla,0.29
FL,65,Walton,0.24
FL,66,Washington,0.19
GA,0,Appling,0.21
GA,1,Atkinson,0.26
GA,2,Bacon,0.13
GA,3,Baker,0.42
GA,4,Baldwin,0.50
GA,5,Banks,0.11
GA,6,Barrow,0.28
GA,7,Bartow,0.24
GA,8,Ben Hill,0.37
GA,9,Berrien,0.16
GA,10,Bibb,0.61
GA,11,Bleckley,0.23
GA,12,Brantley,0.09
GA,13,Brooks,0.39
GA,14,Bryan,0.32
GA,15,Bulloch,0.37
GA,16,Burke,0.49
GA,17,Butts,0.28
GA,18,Calhoun,0.57
GA,19,Camden,0.34
GA,20,Candler,0.29
GA,21,Carroll,0.30
GA,22,Catoosa,0.21
GA,23,Charlton,0.24
GA,24,Chatham,0.59
GA,25,Chattahoochee,0.42
GA,26,Chattooga,0.18
GA,27,Cherokee,0.30
GA,28,Clarke,0.70
GA,29,Clay,0.55
GA,30,Clayton,0.85
GA,31,Clinch,0.26
GA,32,Cobb,0.56
GA,33,Coffee,0.30
GA,34,Colquitt,0.26
GA,35,Columbia,0.36
GA,36,Cook,0.29
GA,37,Coweta,0.32
GA,38,Crawford,0.27
GA,39,Crisp,0.37
GA,40,Dade,0.17
GA,41,Dawson,0.16
GA,42,Decatur,0.41
GA,43,DeKalb,0.83
GA,44,Dodge,0.27
GA,45,Dooly,0.47
GA,46,Dougherty,0.70
GA,47,Douglas,0.62
GA,48,Early,0.47
GA,49,Echols,0.12
GA,50,Effingham,0.24
GA,51,Elbert,0.31
GA,52,Emanuel,0.30
GA,53,Evans,0.31
GA,54,Fannin,0.17
GA,55,Fayette,0.46
GA,56,Floyd,0.28
GA,57,Forsyth,0.33
GA,58,Franklin,0.15
GA,59,Fulton,0.73
GA,60,Gilmer,0.18
GA,61,Glascock,0.10
GA,62,Glynn,0.38
GA,63,Gordon,0.18
GA,64,Grady,0.34
GA,65,Greene,0.36
GA,66,Gwinnett,0.58
GA,67,Habersham,0.17
GA,68,Hall,0.28
GA,69,Hancock,0.72
GA,70,Haralson,0.13
GA,71,Harris,0.27
GA,72,Hart,0.25
GA,73,Heard,0.15
GA,74,Henry,0.60
GA,75,Houston,0.43
GA,76,Irwin,0.24
GA,77,Jackson,0.20
GA,78,Jasper,0.23
GA,79,Jeff Davis,0.18
GA,80,Jefferson,0.53
GA,81,Jenkins,0.37
GA,82,Johnson,0.30
GA,83,Jones,0.33
GA,84,Lamar,0.29
GA,85,Lanier,0.29
GA,86,Laurens,0.36
GA,87,Lee,0.27
GA,88,Liberty,0.61
GA,89,Lincoln,0.31
GA,90,Long,0.36
GA,91,Lowndes,0.43
GA,92,Lumpkin,0.20
GA,93,McDuffie,0.40
GA,94,McIntosh,0.39
GA,95,Macon,0.61
GA,96,Madison,0.23
GA,97,Marion,0.36
GA,98,Meriwether,0.39
GA,99,Miller,0.26
GA,100,Mitchell,0.45
GA,101,Monroe,0.28
GA,102,Montgomery,0.25
GA,103,Morgan,0.29
GA,104,Murray,0.15
GA,105,Muscogee,0.62
GA,106,Newton,0.55
GA,107,Oconee,0.32
GA,108,Oglethorpe,0.30
GA,109,Paulding,0.35
GA,110,Peach,0.47
GA,111,Pickens,0.16
GA,112,Pierce,0.12
GA,113,Pike,0.14
GA,114,Polk,0.21
GA,115,Pulaski,0.30
GA,116,Putnam,0.29
GA,117,Quitman,0.45
GA,118,Rabun,0.21
GA,119,Randolph,0.54
GA,120,Richmond,0.68
GA,121,Rockdale,0.70
GA,122,Schley,0.20
GA,123,Screven,0.40
GA,124,Seminole,0.32
GA,125,Spalding,0.39
GA,126,Stephens,0.20
GA,127,Stewart,0.59
GA,128,Sumter,0.52
GA,129,Talbot,0.60
GA,130,Taliaferro,0.61
GA,131,Tattnall,0.25
GA,132,Taylor,0.36
GA,133,Telfair,0.34
GA,134,Terrell,0.54
GA,135,Thomas,0.40
GA,136,Tift,0.33
GA,137,Toombs,0.27
GA,138,Towns,0.19
GA,139,Treutlen,0.31
GA,140,Troup,0.39
GA,141,Turner,0.37
GA,142,Twiggs,0.46
GA,143,Union,0.18
GA,144,Upson,0.33
GA,145,Walker,0.20
GA,146,Walton,0.25
GA,147,Ware,0.30
GA,148,Warren,0.56
GA,149,Washington,0.50
GA,150,Wayne,0.21
GA,151,Webster,0.46
GA,152,Wheeler,0.30
GA,153,White,0.16
GA,154,Whitfield,0.29
GA,155,Wilcox,0.26
GA,156,Wilkes,0.43
GA,157,Wilkinson,0.44
GA,158,Worth,0.26
HI,0,Hawaii,0.67
HI,1,Honolulu,0.63
HI,2,Kauai,0.63
HI,3,Maui,0.67
ID,0,Ada,0.47
ID,1,Adams,0.23
ID,2,Bannock,0.37
ID,3,Bear Lake,0.11
ID,4,Benewah,0.20
ID,5,Bingham,0.21
ID,6,Blaine,0.67
ID,7,Boise,0.25
ID,8,Bonner,0.30
ID,9,Bonneville,0.26
ID,10,Boundary,0.19
ID,11,Butte,0.13
ID,12,Camas,0.20
ID,13,Canyon,0.29
ID,14,Caribou,0.13
ID,15,Cassia,0.15
ID,16,Clark,0.13
ID,17,Clearwater,0.20
ID,18,Custer,0.22
ID,19,Elmore,0.26
ID,20,Franklin,0.10
ID,21,Fremont,0.15
ID,22,Gem,0.18
ID,23,Gooding,0.21
ID,24,Idaho County,0.16
ID,25,Jefferson,0.12
ID,26,Jerome,0.24
ID,27,Kootenai,0.27
ID,28,Latah,0.50
ID,29,Lemhi,0.22
ID,30,Lewis,0.19
ID,31,Lincoln,0.21
ID,32,Madison,0.16
ID,33,Minidoka,0.19
ID,34,Nez Perce,0.32
ID,35,Oneida,0.10
ID,36,Owyhee,0.17
ID,37,Payette,0.19
ID,38,Power,0.28
ID,39,Shoshone,0.28
ID,40,Teton,0.52
ID,41,Twin Falls,0.26
ID,42,Valley,0.42
ID,43,Washington,0.20
IL,0,Adams,0.26
IL,1,Alexander,0.42
IL,2,Bond,0.28
IL,3,Boone,0.42
IL,4,Brown,0.19
IL,5,Bureau,0.38
IL,6,Calhoun,0.24
IL,7,Carroll,0.34
IL,8,Cass,0.30
IL,9,Champaign,0.60
IL,10,Christian,0.27
IL,11,Clark,0.24
IL,12,Clay,0.16
IL,13,Clinton,0.23
IL,14,Coles,0.36
IL,15,Cook,0.74
IL,16,Crawford,0.23
IL,17,Cumberland,0.20
IL,18,DeKalb,0.51
IL,19,DeWitt,0.27
IL,20,Douglas,0.27
IL,21,DuPage,0.58
IL,22,Edgar,0.23
IL,23,Edwards,0.15
IL,24,Effingham,0.19
IL,25,Fayette,0.18
IL,26,Ford,0.25
IL,27,Franklin,0.25
IL,28,Fulton,0.39
IL,29,Gallatin,0.23
IL,30,Greene,0.22
IL,31,Grundy,0.36
IL,32,Hamilton,0.19
IL,33,Hancock,0.17
IL,34,Hardin,0.00
IL,35,Henderson,0.33
IL,36,Henry,0.38
IL,37,Iroquois,0.21
IL,38,Jackson,0.49
IL,39,Jasper,0.18
IL,40,Jefferson,0.26
IL,41,Jersey,0.25
IL,42,JoDaviess,0.41
IL,43,Johnson,0.20
IL,44,Kane,0.56
IL,45,Kankakee,0.40
IL,46,Kendall,0.51
IL,47,Knox,0.46
IL,48,Lake,0.61
IL,49,LaSalle,0.41
IL,50,Lawrence,0.22
IL,51,Lee,0.39
IL,52,Livingston,0.27
IL,53,Logan,0.29
IL,54,Macon,0.40
IL,55,Macoupin,0.31
IL,56,Madison,0.42
IL,57,Marion,0.26
IL,58,Marshall,0.32
IL,59,Mason,0.29
IL,60,Massac,0.25
IL,61,McDonough,0.41
IL,62,McHenry,0.47
IL,63,McLean,0.50
IL,64,Menard,0.29
IL,65,Mercer,0.37
IL,66,Monroe,0.31
IL,67,Montgomery,0.28
IL,68,Morgan,0.33
IL,69,Moultrie,0.25
IL,70,Ogle,0.36
IL,71,Peoria,0.52
IL,72,Perry,0.26
IL,73,Piatt,0.34
IL,74,Pike,0.19
IL,75,Pope,0.20
IL,76,Pulaski,0.34
IL,77,Putnam,0.39
IL,78,Randolph,0.24
IL,79,Richland,0.15
IL,80,Rock Island,0.55
IL,81,Saline,0.25
IL,82,Sangamon,0.47
IL,83,Schuyler,0.27
IL,84,Scott,0.21
IL,85,Shelby,0.21
IL,86,St. Clair,0.53
IL,87,Stark,0.28
IL,88,Stephenson,0.41
IL,89,Tazewell,0.36
IL,90,Union,0.29
IL,91,Vermilion,0.33
IL,92,Wabash,0.22
IL,93,Warren,0.39
IL,94,Washington,0.21
IL,95,Wayne,0.14
IL,96,White,0.20
IL,97,Whiteside,0.45
IL,98,Will,0.53
IL,99,Williamson,0.30
IL,100,Winnebago,0.50
IL,101,Woodford,0.28
IN,0,Adams,0.23
IN,1,Allen,0.43
IN,2,Bartholomew,0.36
IN,3,Benton,0.25
IN,4,Blackford,0.26
IN,5,Boone,0.40
IN,6,Brown,0.34
IN,7,Carroll,0.23
IN,8,Cass,0.28
IN,9,Clark,0.40
IN,10,Clay,0.21
IN,11,Clinton,0.26
IN,12,Crawford,0.28
IN,13,Daviess,0.18
IN,14,Dearborn,0.22
IN,15,Decatur,0.20
IN,16,DeKalb,0.25
IN,17,Delaware,0.43
IN,18,Dubois,0.29
IN,19,Elkhart,0.35
IN,20,Fayette,0.22
IN,21,Floyd,0.42
IN,22,Fountain,0.20
IN,23,Franklin,0.18
IN,24,Fulton,0.25
IN,25,Gibson,0.25
IN,26,Grant,0.29
IN,27,Greene,0.23
IN,28,Hamilton,0.46
IN,29,Hancock,0.30
IN,30,Harrison,0.26
IN,31,Hendricks,0.37
IN,32,Henry,0.26
IN,33,Howard,0.33
IN,34,Huntington,0.24
IN,35,Jackson,0.22
IN,36,Jasper,0.25
IN,37,Jay,0.23
IN,38,Jefferson,0.32
IN,39,Jennings,0.21
IN,40,Johnson,0.32
IN,41,Knox,0.25
IN,42,Kosciusko,0.23
IN,43,LaGrange,0.22
IN,44,Lake,0.57
IN,45,LaPorte,0.45
IN,46,Lawrence,0.24
IN,47,Madison,0.38
IN,48,Marion,0.63
IN,49,Marshall,0.29
IN,50,Martin,0.20
IN,51,Miami,0.22
IN,52,Monroe,0.63
IN,53,Montgomery,0.25
IN,54,Morgan,0.22
IN,55,Newton,0.23
IN,56,Noble,0.24
IN,57,Ohio,0.24
IN,58,Orange,0.25
IN,59,Owen,0.24
IN,60,Parke,0.21
IN,61,Perry,0.37
IN,62,Pike,0.23
IN,63,Porter,0.46
IN,64,Posey,0.29
IN,65,Pulaski,0.25
IN,66,Putnam,0.24
IN,67,Randolph,0.23
IN,68,Ripley,0.19
IN,69,Rush,0.22
IN,70,St. Joseph,0.52
IN,71,Scott,0.27
IN,72,Shelby,0.25
IN,73,Spencer,0.30
IN,74,Starke,0.26
IN,75,Steuben,0.28
IN,76,Sullivan,0.24
IN,77,Switzerland,0.23
IN,78,Tippecanoe,0.49
IN,79,Tipton,0.23
IN,80,Union,0.21
IN,81,Vanderburgh,0.44
IN,82,Vermillion,0.29
IN,83,Vigo,0.42
IN,84,Wabash,0.24
IN,85,Warren,0.22
IN,86,Warrick,0.35
IN,87,Washington,0.23
IN,88,Wayne,0.34
IN,89,Wells,0.21
IN,90,White,0.27
IN,91,Whitley,0.24
IA,0,Adair,0.29
IA,1,Adams,0.27
IA,2,Allamakee,0.35
IA,3,Appanoose,0.29
IA,4,Audubon,0.31
IA,5,Benton,0.35
IA,6,Black Hawk,0.54
IA,7,Boone,0.41
IA,8,Bremer,0.41
IA,9,Buchanan,0.39
IA,10,Buena Vista,0.36
IA,11,Butler,0.30
IA,12,Calhoun,0.28
IA,13,Carroll,0.31
IA,14,Cass,0.30
IA,15,Cedar,0.41
IA,16,Cerro Gordo,0.46
IA,17,Cherokee,0.30
IA,18,Chickasaw,0.34
IA,19,Clarke,0.31
IA,20,Clay,0.30
IA,21,Clayton,0.35
IA,22,Clinton,0.44
IA,23,Crawford,0.31
IA,24,Dallas,0.48
IA,25,Davis,0.25
IA,26,Decatur,0.30
IA,27,Delaware,0.32
IA,28,Des Moines,0.45
IA,29,Dickinson,0.33
IA,30,Dubuque,0.48
IA,31,Emmet,0.31
IA,32,Fayette,0.38
IA,33,Floyd,0.40
IA,34,Franklin,0.32
IA,35,Fremont,0.28
IA,36,Greene,0.35
IA,37,Grundy,0.30
IA,38,Guthrie,0.31
IA,39,Hamilton,0.33
IA,40,Hancock,0.27
IA,41,Hardin,0.33
IA,42,Harrison,0.30
IA,43,Henry,0.33
IA,44,Howard,0.36
IA,45,Humboldt,0.27
IA,46,Ida,0.24
IA,47,Iowa,0.37
IA,48,Jackson,0.36
IA,49,Jasper,0.38
IA,50,Jefferson,0.48
IA,51,Johnson,0.71
IA,52,Jones,0.38
IA,53,Keokuk,0.27
IA,54,Kossuth,0.30
IA,55,Lee,0.39
IA,56,Linn,0.56
IA,57,Louisa,0.32
IA,58,Lucas,0.28
IA,59,Lyon,0.16
IA,60,Madison,0.32
IA,61,Mahaska,0.25
IA,62,Marion,0.32
IA,63,Marshall,0.45
IA,64,Mills,0.30
IA,65,Mitchell,0.35
IA,66,Monona,0.30
IA,67,Monroe,0.26
IA,68,Montgomery,0.30
IA,69,Muscatine,0.45
IA,70,O'Brien,0.21
IA,71,Osceola,0.18
IA,72,Page,0.28
IA,73,Palo Alto,0.31
IA,74,Plymouth,0.25
IA,75,Pocahontas,0.24
IA,76,Polk,0.57
IA,77,Pottawattamie,0.41
IA,78,Poweshiek,0.43
IA,79,Ringgold,0.26
IA,80,Sac,0.25
IA,81,Scott,0.51
IA,82,Shelby,0.29
IA,83,Sioux,0.16
IA,84,Story,0.57
IA,85,Tama,0.40
IA,86,Taylor,0.23
IA,87,Union,0.33
IA,88,Van Buren,0.23
IA,89,Wapello,0.37
IA,90,Warren,0.41
IA,91,Washington,0.39
IA,92,Wayne,0.23
IA,93,Webster,0.37
IA,94,Winnebago,0.36
IA,95,Winneshiek,0.47
IA,96,Woodbury,0.41
IA,97,Worth,0.36
IA,98,Wright,0.32
KS,0,Allen,0.27
KS,1,Anderson,0.21
KS,2,Atchison,0.32
KS,3,Barber,0.12
KS,4,Barton,0.21
KS,5,Bourbon,0.23
KS,6,Brown,0.25
KS,7,Butler,0.28
KS,8,Chase,0.23
KS,9,Chautauqua,0.13
KS,10,Cherokee,0.24
KS,11,Cheyenne,0.16
KS,12,Clark,0.14
KS,13,Clay,0.21
KS,14,Cloud,0.21
KS,15,Coffey,0.21
KS,16,Comanche,0.14
KS,17,Cowley,0.30
KS,18,Crawford,0.37
KS,19,Decatur,0.14
KS,20,Dickinson,0.22
KS,21,Doniphan,0.19
KS,22,Douglas,0.69
KS,23,Edwards,0.19
KS,24,Elk,0.14
KS,25,Ellis,0.27
KS,26,Ellsworth,0.23
KS,27,Finney,0.36
KS,28,Ford,0.33
KS,29,Franklin,0.30
KS,30,Geary,0.41
KS,31,Gove,0.11
KS,32,Graham,0.17
KS,33,Grant,0.20
KS,34,Gray,0.15
KS,35,Greeley,0.12
KS,36,Greenwood,0.19
KS,37,Hamilton,0.16
KS,38,Harper,0.17
KS,39,Harvey,0.39
KS,40,Haskell,0.19
KS,41,Hodgeman,0.15
KS,42,Jackson,0.29
KS,43,Jefferson,0.32
KS,44,Jewell,0.13
KS,45,Johnson,0.53
KS,46,Kearny,0.18
KS,47,Kingman,0.19
KS,48,Kiowa,0.13
KS,49,Labette,0.31
KS,50,Lane,0.13
KS,51,Leavenworth,0.38
KS,52,Lincoln,0.17
KS,53,Linn,0.18
KS,54,Logan,0.13
KS,55,Lyon,0.43
KS,56,McPherson,0.29
KS,57,Marion,0.25
KS,58,Marshall,0.25
KS,59,Meade,0.14
KS,60,Miami,0.29
KS,61,Mitchell,0.18
KS,62,Montgomery,0.24
KS,63,Morris,0.25
KS,64,Morton,0.13
KS,65,Nemaha,0.16
KS,66,Neosho,0.26
KS,67,Ness,0.10
KS,68,Norton,0.15
KS,69,Osage,0.27
KS,70,Osborne,0.15
KS,71,Ottawa,0.16
KS,72,Pawnee,0.23
KS,73,Phillips,0.11
KS,74,Pottawatomie,0.25
KS,75,Pratt,0.23
KS,76,Rawlins,0.14
KS,77,Reno,0.32
KS,78,Republic,0.16
KS,79,Rice,0.23
KS,80,Riley,0.50
KS,81,Rooks,0.13
KS,82,Rush,0.17
KS,83,Russell,0.17
KS,84,Saline,0.34
KS,85,Scott,0.13
KS,86,Sedgwick,0.43
KS,87,Seward,0.34
KS,88,Shawnee,0.50
KS,89,Sheridan,0.10
KS,90,Sherman,0.14
KS,91,Smith,0.16
KS,92,Stafford,0.18
KS,93,Stanton,0.19
KS,94,Stevens,0.12
KS,95,Sumner,0.24
KS,96,Thomas,0.16
KS,97,Trego,0.15
KS,98,Wabaunsee,0.25
KS,99,Wallace,0.05
KS,100,Washington,0.16
KS,101,Wichita,0.15
KS,102,Wilson,0.18
KS,103,Woodson,0.19
KS,104,Wyandotte,0.65
KY,0,Adair,0.16
KY,1,Allen,0.18
KY,2,Anderson,0.25
KY,3,Ballard,0.20
KY,4,Barren,0.26
KY,5,Bath,0.28
KY,6,Bell,0.18
KY,7,Boone,0.31
KY,8,Bourbon,0.34
KY,9,Boyd,0.33
KY,10,Boyle,0.37
KY,11,Bracken,0.19
KY,12,Breathitt,0.23
KY,13,Breckinridge,0.23
KY,14,Bullitt,0.25
KY,15,Butler,0.18
KY,16,Caldwell,0.22
KY,17,Calloway,0.33
KY,18,Campbell,0.40
KY,19,Carlisle,0.18
KY,20,Carroll,0.27
KY,21,Carter,0.23
KY,22,Casey,0.13
KY,23,Christian,0.35
KY,24,Clark,0.33
KY,25,Clay,0.11
KY,26,Clinton,0.12
KY,27,Crittenden,0.17
KY,28,Cumberland,0.15
KY,29,Daviess,0.35
KY,30,Edmonson,0.20
KY,31,Elliott,0.24
KY,32,Estill,0.21
KY,33,Fayette,0.59
KY,34,Fleming,0.21
KY,35,Floyd,0.24
KY,36,Franklin,0.49
KY,37,Fulton,0.33
KY,38,Gallatin,0.21
KY,39,Garrard,0.21
KY,40,Grant,0.20
KY,41,Graves,0.21
KY,42,Grayson,0.20
KY,43,Green,0.16
KY,44,Greenup,0.27
KY,45,Hancock,0.30
KY,46,Hardin,0.37
KY,47,Harlan,0.14
KY,48,Harrison,0.27
KY,49,Hart,0.23
KY,50,Henderson,0.37
KY,51,Henry,0.26
KY,52,Hickman,0.21
KY,53,Hopkins,0.25
KY,54,Jackson,0.10
KY,55,Jefferson,0.59
KY,56,Jessamine,0.33
KY,57,Johnson,0.16
KY,58,Kenton,0.39
KY,59,Knott,0.23
KY,60,Knox,0.16
KY,61,LaRue,0.21
KY,62,Laurel,0.16
KY,63,Lawrence,0.18
KY,64,Lee,0.17
KY,65,Leslie,0.09
KY,66,Letcher,0.20
KY,67,Lewis,0.14
KY,68,Lincoln,0.21
KY,69,Livingston,0.19
KY,70,Logan,0.25
KY,71,Lyon,0.26
KY,72,McCracken,0.33
KY,73,McCreary,0.11
KY,74,McLean,0.23
KY,75,Madison,0.36
KY,76,Magoffin,0.22
KY,77,Marion,0.31
KY,78,Marshall,0.23
KY,79,Martin,0.10
KY,80,Mason,0.30
KY,81,Meade,0.26
KY,82,Menifee,0.24
KY,83,Mercer,0.26
KY,84,Metcalfe,0.19
KY,85,Monroe,0.12
KY,86,Montgomery,0.28
KY,87,Morgan,0.21
KY,88,Muhlenberg,0.25
KY,89,Nelson,0.31
KY,90,Nicholas,0.28
KY,91,Ohio,0.22
KY,92,Oldham,0.38
KY,93,Owen,0.20
KY,94,Owsley,0.11
KY,95,Pendleton,0.19
KY,96,Perry,0.22
KY,97,Pike,0.19
KY,98,Powell,0.25
KY,99,Pulaski,0.18
KY,100,Robertson,0.22
KY,101,Rockcastle,0.15
KY,102,Rowan,0.39
KY,103,Russell,0.15
KY,104,Scott,0.37
KY,105,Shelby,0.34
KY,106,Simpson,0.31
KY,107,Spencer,0.22
KY,108,Taylor,0.24
KY,109,Todd,0.23
KY,110,Trigg,0.24
KY,111,Trimble,0.23
KY,112,Union,0.23
KY,113,Warren,0.41
KY,114,Washington,0.26
KY,115,Wayne,0.18
KY,116,Webster,0.24
KY,117,Whitley,0.17
KY,118,Wolfe,0.28
KY,119,Woodford,0.43
LA,0,Acadia,0.19
LA,1,Allen,0.22
LA,2,Ascension,0.33
LA,3,Assumption,0.34
LA,4,Avoyelles,0.29
LA,5,Beauregard,0.16
LA,6,Bienville,0.44
LA,7,Bossier,0.29
LA,8,Caddo,0.53
LA,9,Calcasieu,0.31
LA,10,Caldwell,0.16
LA,11,Cameron,0.08
LA,12,Catahoula,0.26
LA,13,Claiborne,0.42
LA,14,Concordia,0.36
LA,15,DeSoto,0.37
LA,16,East Baton Rouge,0.56
LA,17,East Carroll,0.63
LA,18,East Feliciana,0.41
LA,19,Evangeline,0.27
LA,20,Franklin,0.27
LA,21,Grant,0.12
LA,22,Iberia,0.34
LA,23,Iberville,0.51
LA,24,Jackson,0.28
LA,25,Jefferson,0.44
LA,26,Jeff Davis,0.22
LA,27,Lafayette,0.35
LA,28,Lafourche,0.19
LA,29,LaSalle,0.09
LA,30,Lincoln,0.39
LA,31,Livingston,0.14
LA,32,Madison,0.57
LA,33,Morehouse,0.43
LA,34,Natchitoches,0.42
LA,35,Orleans,0.83
LA,36,Ouachita,0.38
LA,37,Plaquemines,0.31
LA,38,Pointe Coupee,0.38
LA,39,Rapides,0.33
LA,40,Red River,0.40
LA,41,Richland,0.32
LA,42,Sabine,0.16
LA,43,St. Bernard,0.35
LA,44,St. Charles,0.34
LA,45,St. Helena,0.54
LA,46,St. James,0.52
LA,47,St. John the Baptist,0.63
LA,48,St. Landry,0.42
LA,49,St. Martin,0.31
LA,50,St. Mary,0.35
LA,51,St. Tammany,0.27
LA,52,Tangipahoa,0.33
LA,53,Tensas,0.52
LA,54,Terrebonne,0.24
LA,55,Union,0.24
LA,56,Vermilion,0.18
LA,57,Vernon,0.17
LA,58,Washington,0.31
LA,59,Webster,0.34
LA,60,West Baton Rouge,0.44
LA,61,West Carroll,0.14
LA,62,West Feliciana,0.37
LA,63,Winn,0.25
ME,0,Androscoggin,0.41
ME,1,Aroostook,0.25
ME,2,Cumberland,0.56
ME,3,Franklin,0.31
ME,4,Hancock,0.41
ME,5,Kennebec,0.44
ME,6,Knox,0.46
ME,7,Lincoln,0.50
ME,8,Oxford,0.33
ME,9, Penobscot,0.26
ME,10,Piscataquis,0.21
ME,11,Sagadahoc,0.55
ME,12,Waldo,0.45
ME,13,Washington,0.17
ME,14,York,0.51
MD,0,Allegany,0.30
MD,1,Anne Arundel,0.56
MD,2,Baltimore,0.62
MD,3,Baltimore City,0.88
MD,4,Calvert,0.46
MD,5,Caroline,0.32
MD,6,Carroll,0.37
MD,7,Cecil,0.36
MD,8,Charles,0.70
MD,9,Dorchester,0.43
MD,10,Frederick,0.54
MD,11,Garrett,0.21
MD,12,Harford,0.43
MD,13,Howard,0.71
MD,14,Kent,0.50
MD,15,Montgomery,0.79
MD,16,Prince George's,0.90
MD,17,Queen Anne's,0.36
MD,18,St. Mary's,0.42
MD,19,Somerset,0.42
MD,20,Talbot,0.49
MD,21,Washington,0.39
MD,22,Wicomico,0.48
MD,23,Worcester,0.40
MA,0,Barnstable_County,0.66
MA,1,Berkshire_County,0.65
MA,2,Bristol_County,0.52
MA,3,Dukes_County,0.69
MA,4,Essex_County,0.62
MA,5,Franklin_County,0.62
MA,6, Hampden_County,0.45
MA,7,Middlesex_County,0.68
MA,8,Nantucket_County,0.72
MA,9,Norfolk_County,0.65
MA,10,Plymouth_County,0.54
MA,11,Suffolk_County,0.71
MA,12,Worcester_County,0.53
MI,0,Alcona,0.30
MI,1,Alger,0.40
MI,2,Allegan,0.36
MI,3,Alpena,0.35
MI,4,Antrim,0.42
MI,5,Arenac,0.31
MI,6,Baraga,0.37
MI,7,Barry,0.33
MI,8,Bay,0.44
MI,9,Benzie,0.45
MI,10,Berrien,0.45
MI,11,Branch,0.30
MI,12,Calhoun,0.43
MI,13,Cass,0.35
MI,14,Charlevoix,0.41
MI,15,Cheboygan,0.34
MI,16,Chippewa,0.38
MI,17,Clare,0.32
MI,18,Clinton,0.46
MI,19,Crawford,0.34
MI,20,Delta,0.36
MI,21,Dickinson,0.33
MI,22,Eaton,0.49
MI,23,Emmet,0.44
MI,24,Genesee,0.54
MI,25,Gladwin,0.31
MI,26,Gogebic,0.43
MI,27,Grand Traverse,0.48
MI,28,Gratiot,0.35
MI,29,Hillsdale,0.25
MI,30,Houghton,0.42
MI,31,Huron,0.31
MI,32,Ingham,0.65
MI,33,Ionia,0.34
MI,34,Iosco,0.35
MI,35,Iron,0.37
MI,36,Isabella,0.48
MI,37,Jackson,0.40
MI,38,Kalamazoo,0.58
MI,39,Kalkaska,0.28
MI,40,Kent,0.52
MI,41,Keweenaw,0.43
MI,42,Lake,0.36
MI,43,Lapeer,0.31
MI,44,Leelanau,0.52
MI,45,Lenawee,0.39
MI,46,Livingston,0.38
MI,47,Luce,0.27
MI,48,Mackinac,0.38
MI,49,Macomb,0.45
MI,50,Manistee,0.42
MI,51,Marquette,0.55
MI,52,Mason,0.39
MI,53,Mecosta,0.35
MI,54,Menominee,0.34
MI,55,Midland,0.42
MI,56,Missaukee,0.23
MI,57,Monroe,0.38
MI,58,Montcalm,0.30
MI,59,Montmorency,0.28
MI,60,Muskegon,0.50
MI,61,Newaygo,0.29
MI,62,Oakland,0.56
MI,63,Oceana,0.35
MI,64,Ogemaw,0.29
MI,65,Ontonagon,0.37
MI,66,Osceola,0.26
MI,67,Oscoda,0.28
MI,68,Otsego,0.32
MI,69,Ottawa,0.38
MI,70,Presque Isle,0.35
MI,71,Roscommon,0.34
MI,72,Saginaw,0.49
MI,73,St. Clair,0.34
MI,74,St. Joseph,0.33
MI,75,Sanilac,0.27
MI,76,Schoolcraft,0.34
MI,77,Shiawassee,0.39
MI,78,Tuscola,0.30
MI,79,Van Buren,0.43
MI,80,Washtenaw,0.72
MI,81,Wayne,0.68
MI,82,Wexford,0.32
MN,0,Aitkin,0.36
MN,1,Anoka,0.48
MN,2,Becker,0.34
MN,3,Beltrami,0.47
MN,4,Benton,0.33
MN,5,Big Stone,0.35
MN,6,Blue Earth,0.51
MN,7,Brown,0.33
MN,8,Carlton,0.50
MN,9,Carver,0.47
MN,10,Cass,0.35
MN,11,Chippewa,0.34
MN,12,Chisago,0.34
MN,13,Clay,0.51
MN,14,Clearwater,0.27
MN,15,Cook,0.66
MN,16,Cottonwood,0.30
MN,17,Crow Wing,0.34
MN,18,Dakota,0.56
MN,19,Dodge,0.34
MN,20,Douglas,0.33
MN,21,Faribault,0.32
MN,22,Fillmore,0.38
MN,23,Freeborn,0.41
MN,24,Goodhue,0.41
MN,25,Grant,0.36
MN,26,Hennepin,0.71
MN,27,Houston,0.42
MN,28,Hubbard,0.35
MN,29,Isanti,0.30
MN,30,Itasca,0.41
MN,31,Jackson,0.30
MN,32,Kanabec,0.30
MN,33,Kandiyohi,0.36
MN,34,Kittson,0.38
MN,35,Koochiching,0.38
MN,36,Lac Qui Parle,0.36
MN,37,Lake,0.51
MN,38,Lake of the Woods,0.28
MN,39,Le Sueur,0.34
MN,40,Lincoln,0.30
MN,41,Lyon,0.36
MN,42,McLeod,0.31
MN,43,Mahnomen,0.48
MN,44,Marshall,0.25
MN,45,Martin,0.30
MN,46,Meeker,0.29
MN,47,Mille Lacs,0.30
MN,48,Morrison,0.22
MN,49,Mower,0.46
MN,50,Murray,0.30
MN,51,Nicollet,0.50
MN,52,Nobles,0.34
MN,53,Norman,0.41
MN,54,Olmsted,0.54
MN,55,Otter Tail,0.33
MN,56,Pennington,0.35
MN,57,Pine,0.34
MN,58,Pipestone,0.27
MN,59,Polk,0.35
MN,60,Pope,0.35
MN,61,Ramsey,0.72
MN,62,Red Lake,0.32
MN,63,Redwood,0.28
MN,64,Renville,0.31
MN,65,Rice,0.49
MN,66,Rock,0.30
MN,67,Roseau,0.26
MN,68,St. Louis,0.57
MN,69,Scott,0.46
MN,70,Sherburne,0.33
MN,71,Sibley,0.29
MN,72,Stearns,0.38
MN,73,Steele,0.38
MN,74,Stevens,0.38
MN,75,Swift,0.34
MN,76,Todd,0.25
MN,77,Traverse,0.36
MN,78,Wabasha,0.36
MN,79,Wadena,0.26
MN,80,Waseca,0.34
MN,81,Washington,0.54
MN,82,Watonwan,0.38
MN,83,Wilkin,0.30
MN,84,Winona,0.49
MN,85,Wright,0.35
MN,86,Yellow Medicine,0.31
MS,0,Adams,0.56
MS,1,Alcorn,0.18
MS,2,Amite,0.36
MS,3,Attala,0.40
MS,4,Benton,0.39
MS,5,Bolivar,0.65
MS,6,Calhoun,0.29
MS,7,Carroll,0.30
MS,8,Chickasaw,0.47
MS,9,Choctaw,0.28
MS,10,Claiborne,0.85
MS,11,Clarke,0.34
MS,12,Clay,0.57
MS,13,Coahoma,0.71
MS,14,Copiah,0.50
MS,15,Covington,0.37
MS,16,DeSoto,0.37
MS,17,Forrest,0.43
MS,18,Franklin,0.33
MS,19,George,0.11
MS,20,Greene,0.17
MS,21,Grenada,0.37
MS,22,Hancock,0.22
MS,23,Harrison,0.37
MS,24,Hinds,0.73
MS,25,Holmes,0.79
MS,26,Humphreys,0.72
MS,27,Issaquena,0.53
MS,28,Itawamba,0.12
MS,29,Jackson,0.32
MS,30,Jasper,0.50
MS,31,Jefferson,0.85
MS,32,Jeff Davis,0.58
MS,33,Jones,0.28
MS,34,Kemper,0.61
MS,35,Lafayette,0.43
MS,36,Lamar,0.26
MS,37,Lauderdale,0.42
MS,38,Lawrence,0.34
MS,39,Leake,0.42
MS,40,Lee,0.33
MS,41,Leflore,0.67
MS,42,Lincoln,0.30
MS,43,Lowndes,0.48
MS,44,Madison,0.43
MS,45,Marion,0.31
MS,46,Marshall,0.51
MS,47,Monroe,0.34
MS,48,Montgomery,0.42
MS,49,Neshoba,0.28
MS,50,Newton,0.30
MS,51,Noxubee,0.76
MS,52,Oktibbeha,0.52
MS,53,Panola,0.47
MS,54,Pearl River,0.17
MS,55,Perry,0.23
MS,56,Pike,0.50
MS,57,Pontotoc,0.18
MS,58,Prentiss,0.20
MS,59,Quitman,0.67
MS,60,Rankin,0.27
MS,61,Scott,0.40
MS,62,Sharkey,0.67
MS,63,Simpson,0.34
MS,64,Smith,0.22
MS,65,Stone,0.23
MS,66,Sunflower,0.70
MS,67,Tallahatchie,0.55
MS,68,Tate,0.32
MS,69,Tippah,0.19
MS,70,Tishomingo,0.12
MS,71,Tunica,0.72
MS,72,Union,0.17
MS,73,Walthall,0.39
MS,74,Warren,0.50
MS,75,Washington,0.69
MS,76,Wayne,0.36
MS,77,Webster,0.19
MS,78,Wilkinson,0.67
MS,79,Winston,0.44
MS,80,Yalobusha,0.43
MS,81,Yazoo,0.53
MO,0,Adair,0.36
MO,1,Andrew,0.24
MO,2,Atchison,0.20
MO,3,Audrain,0.25
MO,4,Barry,0.19
MO,5,Barton,0.14
MO,6,Bates,0.20
MO,7,Benton,0.21
MO,8,Bollinger,0.13
MO,9,Boone,0.55
MO,10,Buchanan,0.37
MO,11,Butler,0.18
MO,12,Caldwell,0.19
MO,13,Callaway,0.28
MO,14,Camden,0.23
MO,15,Cape Girardeau,0.27
MO,16,Carroll,0.17
MO,17,Carter,0.14
MO,18,Cass,0.33
MO,19,Cedar,0.16
MO,20,Chariton,0.23
MO,21,Christian,0.24
MO,22,Clark,0.20
MO,23,Clay,0.47
MO,24,Clinton,0.27
MO,25,Cole,0.32
MO,26,Cooper,0.26
MO,27,Crawford,0.19
MO,28,Dade,0.16
MO,29,Dallas,0.17
MO,30,Daviess,0.19
MO,31,DeKalb,0.19
MO,32,Dent,0.15
MO,33,Douglas,0.15
MO,34,Dunklin,0.21
MO,35,Franklin,0.27
MO,36,Gasconade,0.20
MO,37,Gentry,0.19
MO,38,Greene,0.39
MO,39,Grundy,0.18
MO,40,Harrison,0.16
MO,41,Henry,0.24
MO,42,Hickory,0.21
MO,43,Holt,0.14
MO,44,Howard,0.28
MO,45,Howell,0.17
MO,46,Iron,0.21
MO,47,Jackson,0.60
MO,48,Jasper,0.26
MO,49,Jefferson,0.32
MO,50,Johnson,0.30
MO,51,Knox,0.18
MO,52,LaClede,0.17
MO,53,Lafayette,0.26
MO,54,Lawrence,0.18
MO,55,Lewis,0.21
MO,56,Lincoln,0.23
MO,57,Linn,0.22
MO,58,Livingston,0.21
MO,59,McDonald,0.16
MO,60,Macon,0.21
MO,61,Madison,0.18
MO,62,Maries,0.17
MO,63,Marion,0.24
MO,64,Mercer,0.13
MO,65,Miller,0.17
MO,66,Mississippi,0.25
MO,67,Moniteau,0.18
MO,68,Monroe,0.21
MO,69,Montgomery,0.21
MO,70,Morgan,0.20
MO,71,New Madrid,0.24
MO,72,Newton,0.20
MO,73,Nodaway,0.29
MO,74,Oregon,0.17
MO,75,Osage,0.14
MO,76,Ozark,0.15
MO,77,Pemiscot,0.27
MO,78,Perry,0.18
MO,79,Pettis,0.25
MO,80,Phelps,0.29
MO,81,Pike,0.22
MO,82,Platte,0.48
MO,83,Polk,0.19
MO,84,Pulaski,0.26
MO,85,Putnam,0.15
MO,86,Ralls,0.21
MO,87,Randolph,0.23
MO,88,Ray,0.27
MO,89,Reynolds,0.16
MO,90,Ripley,0.15
MO,91,St. Charles,0.40
MO,92,St. Clair,0.20
MO,93,St. Francois,0.25
MO,94,St. Louis County,0.61
MO,95,St. Louis City,0.82
MO,96,Ste. Genevieve,0.29
MO,97,Saline,0.31
MO,98,Schuyler,0.19
MO,99,Scotland,0.20
MO,100,Scott,0.21
MO,101,Shannon,0.18
MO,102,Shelby,0.18
MO,103,Stoddard,0.14
MO,104,Stone,0.19
MO,105,Sullivan,0.19
MO,106,Taney,0.20
MO,107,Texas,0.15
MO,108,Vernon,0.21
MO,109,Warren,0.26
MO,110,Washington,0.18
MO,111,Wayne,0.14
MO,112,Webster,0.19
MO,113,Worth,0.19
MO,114,Wright,0.13
MT,0,Beaverhead,0.28
MT,1,Big Horn,0.52
MT,2,Blaine,0.51
MT,3,Broadwater,0.20
MT,4,Carbon,0.34
MT,5,Carter,0.09
MT,6,Cascade,0.39
MT,7,Chouteau,0.33
MT,8,Custer,0.26
MT,9,Daniels,0.19
MT,10,Dawson,0.20
MT,11,Deer Lodge,0.52
MT,12,Fallon,0.11
MT,13,Fergus,0.23
MT,14,Flathead,0.34
MT,15,Gallatin,0.52
MT,16,Garfield,0.05
MT,17,Glacier,0.64
MT,18,Golden Valley,0.16
MT,19,Granite,0.30
MT,20,Hill,0.42
MT,21,Jefferson,0.32
MT,22,Judith Basin,0.21
MT,23,Lake,0.42
MT,24,Lewis and Clark,0.47
MT,25,Liberty,0.23
MT,26,Lincoln,0.24
MT,27,McCone,0.14
MT,28,Madison,0.29
MT,29,Meagher,0.23
MT,30,Mineral,0.27
MT,31,Missoula,0.60
MT,32,Musselshell,0.14
MT,33,Park,0.45
MT,34,Petroleum,0.11
MT,35,Phillips,0.17
MT,36,Pondera,0.30
MT,37,Powder River,0.14
MT,38,Powell,0.24
MT,39,Prairie,0.17
MT,40,Ravalli,0.31
MT,41,Richland,0.15
MT,42,Roosevelt,0.47
MT,43,Rosebud,0.32
MT,44,Sanders,0.24
MT,45,Sheridan,0.28
MT,46,Silver Bow,0.55
MT,47,Stillwater,0.20
MT,48,Sweet Grass,0.22
MT,49,Teton,0.27
MT,50,Toole,0.22
MT,51,Treasure,0.17
MT,52,Valley,0.24
MT,53,Wheatland,0.21
MT,54,Wibaux,0.13
MT,55,Yellowstone,0.37
NE,0,Adams,0.29
NE,1,Antelope,0.13
NE,2,Arthur,0.07
NE,3,Banner,0.11
NE,4,Blaine,0.11
NE,5,Boone,0.16
NE,6,Box Butte,0.20
NE,7,Boyd,0.12
NE,8,Brown,0.11
NE,9,Buffalo,0.27
NE,10,Burt,0.29
NE,11,Butler,0.19
NE,12,Cass,0.31
NE,13,Cedar,0.15
NE,14,Chase,0.11
NE,15,Cherry,0.11
NE,16,Cheyenne,0.18
NE,17,Clay,0.18
NE,18,Colfax,0.28
NE,19,Cuming,0.20
NE,20,Custer,0.13
NE,21,Dakota,0.40
NE,22,Dawes,0.26
NE,23,Dawson,0.27
NE,24,Deuel,0.14
NE,25,Dixon,0.21
NE,26,Dodge,0.33
NE,27,Douglas,0.55
NE,28,Dundy,0.11
NE,29,Fillmore,0.22
NE,30,Franklin,0.16
NE,31,Frontier,0.13
NE,32,Furnas,0.15
NE,33,Gage,0.31
NE,34,Garden,0.14
NE,35,Garfield,0.13
NE,36,Gosper,0.19
NE,37,Grant,0.05
NE,38,Greeley,0.18
NE,39,Hall,0.32
NE,40,Hamilton,0.20
NE,41,Harlan,0.15
NE,42,Hayes,0.06
NE,43,Hitchcock,0.12
NE,44,Holt,0.12
NE,45,Hooker,0.13
NE,46,Howard,0.19
NE,47,Jefferson,0.27
NE,48,Johnson,0.29
NE,49,Kearney,0.20
NE,50,Keith,0.18
NE,51,Keya Paha,0.09
NE,52,Kimball,0.14
NE,53,Knox,0.19
NE,54,Lancaster,0.53
NE,55,Lincoln,0.22
NE,56,Logan,0.08
NE,57,Loup,0.17
NE,58,McPherson,0.06
NE,59,Madison,0.22
NE,60,Merrick,0.17
NE,61,Morrill,0.15
NE,62,Nance,0.20
NE,63,Nemaha,0.27
NE,64,Nuckolls,0.18
NE,65,Otoe,0.30
NE,66,Pawnee,0.23
NE,67,Perkins,0.13
NE,68,Phelps,0.15
NE,69,Pierce,0.12
NE,70,Platte,0.21
NE,71,Polk,0.18
NE,72,Red Willow,0.15
NE,73,Richardson,0.24
NE,74,Rock,0.10
NE,75,Saline,0.34
NE,76,Sarpy,0.43
NE,77,Saunders,0.26
NE,78,Scotts Bluff,0.27
NE,79,Seward,0.27
NE,80,Sheridan,0.13
NE,81,Sherman,0.20
NE,82,Sioux,0.10
NE,83,Stanton,0.17
NE,84,Thayer,0.21
NE,85,Thomas,0.11
NE,86,Thurston,0.48
NE,87,Valley,0.18
NE,88,Washington,0.29
NE,89,Wayne,0.24
NE,90,Webster,0.18
NE,91,Wheeler,0.12
NE,92,York,0.23
NV,0,Carson City,0.43
NV,1,Churchill,0.24
NV,2,Clark,0.54
NV,3,Douglas,0.34
NV,4,Elko,0.21
NV,5,Esmeralda,0.15
NV,6,Eureka,0.10
NV,7,Humboldt,0.22
NV,8,Lander,0.18
NV,9,Lincoln,0.14
NV,10,Lyon,0.28
NV,11,Mineral,0.36
NV,12,Nye,0.29
NV,13,Pershing,0.24
NV,14,Storey,0.31
NV,15,Washoe,0.51
NV,16,White Pine,0.20
NH,0,Belknap_County,0.44
NH,1,Carroll_County,0.51
NH,2,Cheshire_County,0.55
NH,3,Co√∂s_County,0.45
NH,4,Grafton_County,0.53
NH,5,Hillsborough_County,0.50
NH,6, Merrimack_County,0.50
NH,7,Rockingham_County,0.49
NH,8,Strafford_County,0.53
NH,9,Sullivan_County,0.48
NJ,0,Atlantic,0.53
NJ,1,Bergen,0.58
NJ,2,Burlington,0.58
NJ,3,Camden,0.66
NJ,4,Cape May,0.41
NJ,5,Cumberland,0.52
NJ,6,Essex,0.77
NJ,7,Gloucester,0.50
NJ,8,Hudson,0.72
NJ,9,Hunterdon,0.47
NJ,10,Mercer,0.69
NJ,11,Middlesex,0.61
NJ,12,Monmouth,0.48
NJ,13,Morris,0.51
NJ,14,Ocean,0.35
NJ,15,Passaic,0.57
NJ,16,Salem,0.43
NJ,17,Somerset,0.59
NJ,18,Sussex,0.39
NJ,19,Union,0.67
NJ,20,Warren,0.41
NM,0,Bernalillo,0.61
NM,1,Catron,0.26
NM,2,Chaves,0.28
NM,3,Cibola,0.53
NM,4,Colfax,0.43
NM,5,Curry,0.29
NM,6,DeBaca,0.26
NM,7,Dona Ana,0.58
NM,8,Eddy,0.23
NM,9,Grant,0.53
NM,10,Guadalupe,0.56
NM,11,Harding,0.35
NM,12,Hidalgo,0.42
NM,13,Lea,0.19
NM,14,Lincoln,0.31
NM,15,Los Alamos,0.61
NM,16,Luna,0.44
NM,17,McKinley,0.68
NM,18,Mora,0.65
NM,19,Otero,0.36
NM,20,Quay,0.30
NM,21,Rio Arriba,0.66
NM,22,Roosevelt,0.27
NM,23,Sandoval,0.53
NM,24,San Juan,0.35
NM,25,San Miguel,0.68
NM,26,Santa Fe,0.76
NM,27,Sierra,0.38
NM,28,Socorro,0.52
NM,29,Taos,0.77
NM,30,Torrance,0.32
NM,31,Union,0.21
NM,32,Valencia,0.44
NY,0,Albany,0.60
NY,1,Allegany,0.29
NY,2,Bronx,0.83
NY,3,Broome,0.51
NY,4,Cattaraugus,0.30
NY,5,Cayuga,0.44
NY,6,Chautauqua,0.39
NY,7,Chemung,0.37
NY,8,Chenango,0.30
NY,9,Clinton,0.46
NY,10,Columbia,0.57
NY,11,Cortland,0.48
NY,12,Delaware,0.34
NY,13,Dutchess,0.48
NY,14,Erie,0.52
NY,15,Essex,0.46
NY,16,Franklin,0.43
NY,17,Fulton,0.29
NY,18,Genesee,0.28
NY,19,Greene,0.37
NY,20,Hamilton,0.34
NY,21,Herkimer,0.29
NY,22,Jefferson,0.34
NY,23,Brooklyn,0.74
NY,24,Lewis,0.25
NY,25,Livingston,0.40
NY,26,Madison,0.43
NY,27,Monroe,0.59
NY,28,Montgomery,0.33
NY,29,Nassau,0.54
NY,30,Manhattan,0.85
NY,31,Niagara,0.40
NY,32,Oneida,0.36
NY,33,Onondaga,0.56
NY,34,Ontario,0.43
NY,35,Orange,0.44
NY,36,Orleans,0.26
NY,37,Oswego,0.39
NY,38,Otsego,0.46
NY,39,Putnam,0.46
NY,40,Queens,0.69
NY,41,Rensselaer,0.52
NY,42,Staten Island,0.38
NY,43,Rockland,0.44
NY,44,Saint Lawrence,0.37
NY,45,Saratoga,0.46
NY,46,Schenectady,0.52
NY,47,Schoharie,0.30
NY,48,Schuyler,0.40
NY,49,Seneca,0.39
NY,50,Steuben,0.29
NY,51,Suffolk,0.43
NY,52,Sullivan,0.41
NY,53,Tioga,0.38
NY,54,Tompkins,0.68
NY,55,Ulster,0.55
NY,56,Warren,0.43
NY,57,Washington,0.36
NY,58,Wayne,0.34
NY,59,Westchester,0.63
NY,60,Wyoming,0.26
NY,61,Yates,0.39
NC,0,Alamance,0.45
NC,1,Alexander,0.21
NC,2,Alleghany,0.25
NC,3,Anson,0.52
NC,4,Ashe,0.26
NC,5,Avery,0.23
NC,6,Beaufort,0.37
NC,7,Bertie,0.61
NC,8,Bladen,0.43
NC,9,Brunswick,0.37
NC,10,Buncombe,0.60
NC,11,Burke,0.29
NC,12,Cabarrus,0.45
NC,13,Caldwell,0.24
NC,14,Camden,0.26
NC,15,Carteret,0.28
NC,16,Caswell,0.40
NC,17,Catawba,0.31
NC,18,Chatham,0.55
NC,19,Cherokee,0.22
NC,20,Chowan,0.42
NC,21,Clay,0.25
NC,22,Cleveland,0.33
NC,23,Columbus,0.36
NC,24,Craven,0.40
NC,25,Cumberland,0.57
NC,26,Currituck,0.26
NC,27,Dare,0.41
NC,28,Davidson,0.26
NC,29,Davie,0.27
NC,30,Duplin,0.39
NC,31,Durham,0.80
NC,32,Edgecombe,0.63
NC,33,Forsyth,0.56
NC,34,Franklin,0.43
NC,35,Gaston,0.36
NC,36,Gates,0.43
NC,37,Graham,0.19
NC,38,Granville,0.46
NC,39,Greene,0.44
NC,40,Guilford,0.61
NC,41,Halifax,0.60
NC,42,Harnett,0.38
NC,43,Haywood,0.36
NC,44,Henderson,0.40
NC,45,Hertford,0.67
NC,46,Hoke,0.55
NC,47,Hyde,0.42
NC,48,Iredell,0.33
NC,49,Jackson,0.45
NC,50,Johnston,0.37
NC,51,Jones,0.40
NC,52,Lee,0.42
NC,53,Lenoir,0.48
NC,54,Lincoln,0.26
NC,55,McDowell,0.25
NC,56,Macon,0.30
NC,57,Madison,0.38
NC,58,Martin,0.47
NC,59,Mecklenburg,0.67
NC,60,Mitchell,0.21
NC,61,Montgomery,0.34
NC,62,Moore,0.36
NC,63,Nash,0.50
NC,64,New Hanover,0.50
NC,65,Northampton,0.60
NC,66,Onslow,0.34
NC,67,Orange,0.75
NC,68,Pamlico,0.36
NC,69,Pasquotank,0.49
NC,70,Pender,0.34
NC,71,Perquimans,0.33
NC,72,Person,0.39
NC,73,Pitt,0.54
NC,74,Polk,0.37
NC,75,Randolph,0.21
NC,76,Richmond,0.42
NC,77,Robeson,0.40
NC,78,Rockingham,0.33
NC,79,Rowan,0.32
NC,80,Rutherford,0.27
NC,81,Sampson,0.38
NC,82,Scotland,0.49
NC,83,Stanly,0.24
NC,84,Stokes,0.21
NC,85,Surry,0.24
NC,86,Swain,0.39
NC,87,Transylvania,0.41
NC,88,Tyrrell,0.42
NC,89,Union,0.37
NC,90,Vance,0.59
NC,91,Wake,0.62
NC,92,Warren,0.62
NC,93,Washington,0.55
NC,94,Watauga,0.53
NC,95,Wayne,0.44
NC,96,Wilkes,0.21
NC,97,Wilson,0.51
NC,98,Yadkin,0.19
NC,99,Yancey,0.33
ND,0,Adams,0.20
ND,1,Barnes,0.33
ND,2,Benson,0.42
ND,3,Billings,0.11
ND,4,Bottineau,0.24
ND,5,Bowman,0.14
ND,6,Burke,0.12
ND,7,Burleigh,0.28
ND,8,Cass,0.47
ND,9,Cavalier,0.24
ND,10,Dickey,0.25
ND,11,Divide,0.22
ND,12,Dunn,0.15
ND,13,Eddy,0.30
ND,14,Emmons,0.12
ND,15,Foster,0.21
ND,16,Golden Valley,0.13
ND,17,Grand Forks,0.42
ND,18,Grant,0.15
ND,19,Griggs,0.25
ND,20,Hettinger,0.15
ND,21,Kidder,0.15
ND,22,LaMoure,0.24
ND,23,Logan,0.12
ND,24,McHenry,0.19
ND,25,McIntosh,0.18
ND,26,McKenzie,0.15
ND,27,McLean,0.22
ND,28,Mercer,0.15
ND,29,Morton,0.23
ND,30,Mountrail,0.30
ND,31,Nelson,0.33
ND,32,Oliver,0.12
ND,33,Pembina,0.24
ND,34,Pierce,0.23
ND,35,Ramsey,0.31
ND,36,Ransom,0.39
ND,37,Renville,0.17
ND,38,Richland,0.32
ND,39,Rolette,0.65
ND,40,Sargent,0.36
ND,41,Sheridan,0.13
ND,42,Sioux,0.68
ND,43,Slope,0.10
ND,44,Stark,0.17
ND,45,Steele,0.36
ND,46,Stutsman,0.27
ND,47,Towner,0.27
ND,48,Traill,0.36
ND,49,Walsh,0.28
ND,50,Ward,0.26
ND,51,Wells,0.19
ND,52,Williams,0.15
OH,0,Adams,0.18
OH,1,Allen,0.29
OH,2,Ashland,0.25
OH,3,Ashtabula,0.37
OH,4,Athens,0.57
OH,5,Auglaize,0.18
OH,6,Belmont,0.28
OH,7,Brown,0.21
OH,8,Butler,0.37
OH,9,Carroll,0.23
OH,10,Champaign,0.25
OH,11,Clark,0.37
OH,12,Clermont,0.31
OH,13,Clinton,0.23
OH,14,Columbiana,0.27
OH,15,Coshocton,0.25
OH,16,Crawford,0.24
OH,17,Cuyahoga,0.66
OH,18,Darke,0.17
OH,19,Defiance,0.31
OH,20,Delaware,0.46
OH,21,Erie,0.43
OH,22,Fairfield,0.38
OH,23,Fayette,0.24
OH,24,Franklin,0.65
OH,25,Fulton,0.29
OH,26,Gallia,0.22
OH,27,Geauga,0.38
OH,28,Greene,0.39
OH,29,Guernsey,0.25
OH,30,Hamilton,0.57
OH,31,Hancock,0.30
OH,32,Hardin,0.23
OH,33,Harrison,0.23
OH,34,Henry,0.28
OH,35,Highland,0.19
OH,36,Hocking,0.28
OH,37,Holmes,0.15
OH,38,Huron,0.29
OH,39,Jackson,0.23
OH,40,Jefferson,0.30
OH,41,Knox,0.27
OH,42,Lake,0.42
OH,43,Lawrence,0.27
OH,44,Licking,0.35
OH,45,Logan,0.22
OH,46,Lorain,0.48
OH,47,Lucas,0.58
OH,48,Madison,0.29
OH,49,Mahoning,0.48
OH,50,Marion,0.30
OH,51,Medina,0.38
OH,52,Meigs,0.23
OH,53,Mercer,0.17
OH,54,Miami,0.27
OH,55,Monroe,0.22
OH,56,Montgomery,0.50
OH,57,Morgan,0.25
OH,58,Morrow,0.22
OH,59,Muskingum,0.30
OH,60,Noble,0.18
OH,61,Ottawa,0.38
OH,62,Paulding,0.23
OH,63,Perry,0.25
OH,64,Pickaway,0.26
OH,65,Pike,0.25
OH,66,Portage,0.43
OH,67,Preble,0.21
OH,68,Putnam,0.16
OH,69,Richland,0.29
OH,70,Ross,0.32
OH,71,Sandusky,0.35
OH,72,Scioto,0.28
OH,73,Seneca,0.32
OH,74,Shelby,0.18
OH,75,Stark,0.40
OH,76,Summit,0.54
OH,77,Trumbull,0.44
OH,78,Tuscarawas,0.29
OH,79,Union,0.33
OH,80,Van Wert,0.21
OH,81,Vinton,0.22
OH,82,Warren,0.34
OH,83,Washington,0.29
OH,84,Wayne,0.31
OH,85,Williams,0.26
OH,86,Wood,0.45
OH,87,Wyandot,0.24
OK,0,Adair,0.20
OK,1,Alfalfa,0.10
OK,2,Atoka,0.14
OK,3,Beaver,0.09
OK,4,Beckham,0.13
OK,5,Blaine,0.18
OK,6,Bryan,0.21
OK,7,Caddo,0.27
OK,8,Canadian,0.27
OK,9,Carter,0.23
OK,10,Cherokee,0.34
OK,11,Choctaw,0.19
OK,12,Cimarron,0.07
OK,13,Cleveland,0.42
OK,14,Coal,0.15
OK,15,Comanche,0.39
OK,16,Cotton,0.15
OK,17,Craig,0.20
OK,18,Creek,0.22
OK,19,Custer,0.22
OK,20,Delaware,0.20
OK,21,Dewey,0.09
OK,22,Ellis,0.09
OK,23,Garfield,0.22
OK,24,Garvin,0.17
OK,25,Grady,0.18
OK,26,Grant,0.13
OK,27,Greer,0.17
OK,28,Harmon,0.19
OK,29,Harper,0.09
OK,30,Haskell,0.16
OK,31,Hughes,0.19
OK,32,Jackson,0.20
OK,33,Jefferson,0.13
OK,34,Johnston,0.17
OK,35,Kay,0.23
OK,36,Kingfisher,0.13
OK,37,Kiowa,0.20
OK,38,Latimer,0.18
OK,39,LeFlore,0.18
OK,40,Lincoln,0.18
OK,41,Logan,0.25
OK,42,Love,0.17
OK,43,McClain,0.19
OK,44,McCurtain,0.16
OK,45,McIntosh,0.24
OK,46,Major,0.09
OK,47,Marshall,0.18
OK,48,Mayes,0.22
OK,49,Murray,0.20
OK,50,Muskogee,0.32
OK,51,Noble,0.20
OK,52,Nowata,0.16
OK,53,Okfuskee,0.22
OK,54,Oklahoma,0.48
OK,55,Okmulgee,0.30
OK,56,Osage,0.29
OK,57,Ottawa,0.24
OK,58,Pawnee,0.20
OK,59,Payne,0.37
OK,60,Pittsburg,0.21
OK,61,Pontotoc,0.27
OK,62,Pottawatomie,0.26
OK,63,Pushmataha,0.14
OK,64,Roger Mills,0.09
OK,65,Rogers,0.22
OK,66,Seminole,0.26
OK,67,Sequoyah,0.20
OK,68,Stephens,0.17
OK,69,Texas,0.16
OK,70,Tillman,0.22
OK,71,Tulsa,0.41
OK,72,Wagoner,0.24
OK,73,Washington,0.25
OK,74,Washita,0.13
OK,75,Woods,0.16
OK,76,Woodward,0.13
OR,0,Baker,0.24
OR,1,Benton,0.68
OR,2,Clackamas,0.54
OR,3,Clatsop,0.54
OR,4,Columbia,0.43
OR,5,Coos,0.38
OR,6,Crook,0.25
OR,7,Curry,0.41
OR,8,Deschutes,0.53
OR,9,Douglas,0.30
OR,10,Gilliam,0.28
OR,11,Grant,0.20
OR,12,Harney,0.20
OR,13,Hood River,0.67
OR,14,Jackson,0.47
OR,15,Jefferson,0.37
OR,16,Josephine,0.36
OR,17,Klamath,0.28
OR,18,Lake,0.18
OR,19,Lane,0.60
OR,20,Lincoln,0.57
OR,21,Linn,0.37
OR,22,Malheur,0.28
OR,23,Marion,0.49
OR,24,Morrow,0.27
OR,25,Multnomah,0.79
OR,26,Polk,0.48
OR,27,Sherman,0.22
OR,28,Tillamook,0.48
OR,29,Umatilla,0.32
OR,30,Union,0.29
OR,31,Wallowa,0.32
OR,32,Wasco,0.47
OR,33,Washington,0.66
OR,34,Wheeler,0.23
OR,35,Yamhill,0.46
PA,0,Adams,0.32
PA,1,Allegheny,0.59
PA,2,Armstrong,0.23
PA,3,Beaver,0.41
PA,4,Bedford,0.16
PA,5,Berks,0.45
PA,6,Blair,0.28
PA,7,Bradford,0.27
PA,8,Bucks,0.52
PA,9,Butler,0.33
PA,10,Cambria,0.31
PA,11,Cameron,0.26
PA,12,Carbon,0.33
PA,13,Centre,0.52
PA,14,Chester,0.58
PA,15,Clarion,0.24
PA,16,Clearfield,0.25
PA,17,Clinton,0.31
PA,18,Columbia,0.34
PA,19,Crawford,0.31
PA,20,Cumberland,0.44
PA,21,Dauphin,0.54
PA,22,Delaware,0.63
PA,23,Elk,0.27
PA,24,Erie,0.50
PA,25,Fayette,0.33
PA,26,Forest,0.27
PA,27,Franklin,0.28
PA,28,Fulton,0.14
PA,29,Greene,0.28
PA,30,Huntingdon,0.24
PA,31,Indiana,0.31
PA,32,Jefferson,0.20
PA,33,Juniata,0.19
PA,34,Lackawanna,0.54
PA,35,Lancaster,0.41
PA,36,Lawrence,0.35
PA,37,Lebanon,0.33
PA,38,Lehigh,0.53
PA,39,Luzerne,0.42
PA,40,Lycoming,0.29
PA,41,McKean,0.26
PA,42,Mercer,0.36
PA,43,Mifflin,0.21
PA,44,Monroe,0.53
PA,45,Montgomery,0.63
PA,46,Montour,0.38
PA,47,Northampton,0.50
PA,48,Northumberland,0.30
PA,49,Perry,0.24
PA,50,Philadelphia,0.81
PA,51,Pike,0.40
PA,52,Potter,0.19
PA,53,Schuylkill,0.29
PA,54,Snyder,0.26
PA,55,Somerset,0.21
PA,56,Sullivan,0.26
PA,57,Susquehanna,0.29
PA,58,Tioga,0.24
PA,59,Union,0.37
PA,60,Venango,0.29
PA,61,Warren,0.29
PA,62,Washington,0.38
PA,63,Wayne,0.33
PA,64,Westmoreland,0.35
PA,65,Wyoming,0.32
PA,66,York,0.37
RI,0,Bristol_County,0.63
RI,1,Kent_County,0.51
RI,2,Newport_County,0.64
RI,3,Providence_County,0.54
RI,4,Washington_County,0.58
SC,0,Abbeville,0.33
SC,1,Aiken,0.38
SC,2,Allendale,0.76
SC,3,Anderson,0.28
SC,4,Bamberg,0.62
SC,5,Barnwell,0.46
SC,6,Beaufort,0.44
SC,7,Berkeley,0.43
SC,8,Calhoun,0.47
SC,9,Charleston,0.56
SC,10,Cherokee,0.28
SC,11,Chester,0.44
SC,12,Chesterfield,0.39
SC,13,Clarendon,0.49
SC,14,Colleton,0.45
SC,15,Darlington,0.47
SC,16,Dillon,0.49
SC,17,Dorchester,0.44
SC,18,Edgefield,0.37
SC,19,Fairfield,0.61
SC,20,Florence,0.48
SC,21,Georgetown,0.43
SC,22,Greenville,0.40
SC,23,Greenwood,0.38
SC,24,Hampton,0.57
SC,25,Horry,0.33
SC,26,Jasper,0.50
SC,27,Kershaw,0.38
SC,28,Lancaster,0.38
SC,29,Laurens,0.33
SC,30,Lee,0.63
SC,31,Lexington,0.34
SC,32,McCormick,0.47
SC,33,Marion,0.60
SC,34,Marlboro,0.55
SC,35,Newberry,0.37
SC,36,Oconee,0.26
SC,37,Orangeburg,0.66
SC,38,Pickens,0.24
SC,39,Richland,0.68
SC,40,Saluda,0.32
SC,41,Spartanburg,0.36
SC,42,Sumter,0.56
SC,43,Union,0.37
SC,44,Williamsburg,0.64
SC,45,York,0.41
SD,0,Aurora,0.23
SD,1,Beadle,0.30
SD,2,Bennett,0.39
SD,3,Bon Homme,0.24
SD,4,Brookings,0.42
SD,5,Brown,0.37
SD,6,Brule,0.27
SD,7,Buffalo,0.64
SD,8,Butte,0.20
SD,9,Campbell,0.13
SD,10,Charles Mix,0.31
SD,11,Clark,0.24
SD,12,Clay,0.54
SD,13,Codington,0.29
SD,14,Corson,0.49
SD,15,Custer,0.28
SD,16,Davison,0.31
SD,17,Day,0.36
SD,18,Deuel,0.26
SD,19,Dewey,0.58
SD,20,Douglas,0.13
SD,21,Edmunds,0.21
SD,22,Fall River,0.26
SD,23,Faulk,0.17
SD,24,Grant,0.28
SD,25,Gregory,0.20
SD,26,Haakon,0.09
SD,27,Hamlin,0.21
SD,28,Hand,0.20
SD,29,Hanson,0.23
SD,30,Harding,0.06
SD,31,Hughes,0.34
SD,32,Hutchinson,0.20
SD,33,Hyde,0.19
SD,34,Jackson,0.32
SD,35,Jerauld,0.27
SD,36,Jones,0.15
SD,37,Kingsbury,0.30
SD,38,Lake,0.35
SD,39,Lawrence,0.33
SD,40,Lincoln,0.37
SD,41,Lyman,0.33
SD,42,McCook,0.27
SD,43,McPherson,0.17
SD,44,Marshall,0.39
SD,45,Meade,0.24
SD,46,Mellette,0.39
SD,47,Miner,0.28
SD,48,Minnehaha,0.44
SD,49,Moody,0.37
SD,50,Pennington,0.36
SD,51,Perkins,0.14
SD,52,Potter,0.16
SD,53,Roberts,0.42
SD,54,Sanborn,0.22
SD,55,Oglala Lakota,0.88
SD,56,Spink,0.32
SD,57,Stanley,0.26
SD,58,Sully,0.20
SD,59,Todd,0.77
SD,60,Tripp,0.18
SD,61,Turner,0.25
SD,62,Union,0.31
SD,63,Walworth,0.22
SD,64,Yankton,0.37
SD,65,Ziebach,0.53
TN,0,Anderson,0.33
TN,1,Bedford,0.23
TN,2,Benton,0.21
TN,3,Bledsoe,0.17
TN,4,Blount,0.27
TN,5,Bradley,0.21
TN,6,Campbell,0.16
TN,7,Cannon,0.19
TN,8,Carroll,0.22
TN,9,Carter,0.19
TN,10,Cheatham,0.27
TN,11,Chester,0.19
TN,12,Claiborne,0.17
TN,13,Clay,0.21
TN,14,Cocke,0.17
TN,15,Coffee,0.24
TN,16,Crockett,0.23
TN,17,Cumberland,0.21
TN,18,Davidson,0.64
TN,19,Decatur,0.17
TN,20,DeKalb,0.21
TN,21,Dickson,0.25
TN,22,Dyer,0.21
TN,23,Fayette,0.31
TN,24,Fentress,0.14
TN,25,Franklin,0.25
TN,26,Gibson,0.26
TN,27,Giles,0.25
TN,28,Grainger,0.15
TN,29,Greene,0.19
TN,30,Grundy,0.17
TN,31,Hamblen,0.22
TN,32,Hamilton,0.44
TN,33,Hancock,0.13
TN,34,Hardeman,0.42
TN,35,Hardin,0.15
TN,36,Hawkins,0.16
TN,37,Haywood,0.54
TN,38,Henderson,0.17
TN,39,Henry,0.24
TN,40,Hickman,0.22
TN,41,Houston,0.24
TN,42,Humphreys,0.25
TN,43,Jackson,0.21
TN,44,Jefferson,0.20
TN,45,Johnson,0.16
TN,46,Knox,0.41
TN,47,Lake,0.26
TN,48,Lauderdale,0.36
TN,49,Lawrence,0.17
TN,50,Lewis,0.19
TN,51,Lincoln,0.19
TN,52,Loudon,0.24
TN,53,McMinn,0.19
TN,54,McNairy,0.17
TN,55,Macon,0.14
TN,56,Madison,0.43
TN,57,Marion,0.24
TN,58,Marshall,0.24
TN,59,Maury,0.31
TN,60,Meigs,0.18
TN,61,Monroe,0.18
TN,62,Montgomery,0.42
TN,63,Moore,0.16
TN,64,Morgan,0.14
TN,65,Obion,0.19
TN,66,Overton,0.20
TN,67,Perry,0.18
TN,68,Pickett,0.18
TN,69,Polk,0.18
TN,70,Putnam,0.27
TN,71,Rhea,0.17
TN,72,Roane,0.23
TN,73,Robertson,0.26
TN,74,Rutherford,0.41
TN,75,Scott,0.11
TN,76,Sequatchie,0.18
TN,77,Sevier,0.20
TN,78,Shelby,0.64
TN,79,Smith,0.20
TN,80,Stewart,0.20
TN,81,Sullivan,0.23
TN,82,Sumner,0.30
TN,83,Tipton,0.25
TN,84,Trousdale,0.25
TN,85,Unicoi,0.19
TN,86,Union,0.15
TN,87,Van Buren,0.19
TN,88,Warren,0.25
TN,89,Washington,0.31
TN,90,Wayne,0.12
TN,91,Weakley,0.22
TN,92,White,0.18
TN,93,Williamson,0.36
TN,94,Wilson,0.30
TX,0,Anderson,0.21
TX,1,Andrews,0.15
TX,2,Angelina,0.26
TX,3,Aransas,0.24
TX,4,Archer,0.09
TX,5,Armstrong,0.07
TX,6,Atascosa,0.32
TX,7,Austin,0.20
TX,8,Bailey,0.22
TX,9,Bandera,0.20
TX,10,Bastrop,0.42
TX,11,Baylor,0.11
TX,12,Bee,0.35
TX,13,Bell,0.45
TX,14,Bexar,0.58
TX,15,Blanco,0.26
TX,16,Borden,0.04
TX,17,Bosque,0.17
TX,18,Bowie,0.28
TX,19,Brazoria,0.40
TX,20,Brazos,0.42
TX,21,Brewster,0.47
TX,22,Briscoe,0.11
TX,23,Brooks,0.59
TX,24,Brown,0.13
TX,25,Burleson,0.21
TX,26,Burnet,0.23
TX,27,Caldwell,0.45
TX,28,Calhoun,0.27
TX,29,Callahan,0.11
TX,30,Cameron,0.56
TX,31,Camp,0.28
TX,32,Carson,0.10
TX,33,Cass,0.20
TX,34,Castro,0.22
TX,35,Chambers,0.19
TX,36,Cherokee,0.22
TX,37,Childress,0.14
TX,38,Clay,0.11
TX,39,Cochran,0.18
TX,40,Coke,0.12
TX,41,Coleman,0.11
TX,42,Collin,0.47
TX,43,Collingsworth,0.13
TX,44,Colorado,0.24
TX,45,Comal,0.28
TX,46,Comanche,0.14
TX,47,Concho,0.16
TX,48,Cooke,0.17
TX,49,Coryell,0.32
TX,50,Cottle,0.17
TX,51,Crane,0.16
TX,52,Crockett,0.22
TX,53,Crosby,0.27
TX,54,Culberson,0.51
TX,55,Dallam,0.12
TX,56,Dallas,0.65
TX,57,Dawson,0.21
TX,58,Deaf Smith,0.27
TX,59,Delta,0.16
TX,60,Denton,0.45
TX,61,De Witt,0.18
TX,62,Dickens,0.13
TX,63,Dimmit,0.62
TX,64,Donley,0.12
TX,65,Duval,0.51
TX,66,Eastland,0.12
TX,67,Ector,0.26
TX,68,Edwards,0.16
TX,69,Ellis,0.32
TX,70,El Paso,0.67
TX,71,Erath,0.17
TX,72,Falls,0.31
TX,73,Fannin,0.18
TX,74,Fayette,0.21
TX,75,Fisher,0.19
TX,76,Floyd,0.22
TX,77,Foard,0.18
TX,78,Fort Bend,0.55
TX,79,Franklin,0.16
TX,80,Freestone,0.19
TX,81,Frio,0.46
TX,82,Gaines,0.10
TX,83,Galveston,0.38
TX,84,Garza,0.14
TX,85,Gillespie,0.20
TX,86,Glasscock,0.06
TX,87,Goliad,0.22
TX,88,Gonzales,0.26
TX,89,Gray,0.11
TX,90,Grayson,0.24
TX,91,Gregg,0.31
TX,92,Grimes,0.23
TX,93,Guadalupe,0.37
TX,94,Hale,0.24
TX,95,Hall,0.14
TX,96,Hamilton,0.15
TX,97,Hansford,0.08
TX,98,Hardeman,0.15
TX,99,Hardin,0.13
TX,100,Harris,0.56
TX,101,Harrison,0.27
TX,102,Hartley,0.09
TX,103,Haskell,0.16
TX,104,Hays,0.54
TX,105,Hemphill,0.12
TX,106,Henderson,0.19
TX,107,Hidalgo,0.58
TX,108,Hill,0.19
TX,109,Hockley,0.18
TX,110,Hood,0.17
TX,111,Hopkins,0.19
TX,112,Houston,0.25
TX,113,Howard,0.20
TX,114,Hudspeth,0.32
TX,115,Hunt,0.23
TX,116,Hutchinson,0.11
TX,117,Irion,0.14
TX,118,Jack,0.09
TX,119,Jackson,0.16
TX,120,Jasper,0.19
TX,121,Jeff Davis,0.38
TX,122,Jefferson,0.49
TX,123,Jim Hogg,0.59
TX,124,Jim Wells,0.45
TX,125,Johnson,0.23
TX,126,Jones,0.15
TX,127,Karnes,0.24
TX,128,Kaufman,0.33
TX,129,Kendall,0.23
TX,130,Kenedy,0.34
TX,131,Kent,0.10
TX,132,Kerr,0.24
TX,133,Kimble,0.12
TX,134,King,0.05
TX,135,Kinney,0.28
TX,136,Kleberg,0.49
TX,137,Knox,0.18
TX,138,Lamar,0.21
TX,139,Lamb,0.19
TX,140,Lampasas,0.21
TX,141,La Salle,0.44
TX,142,La Vaca,0.13
TX,143,Lee,0.22
TX,144,Leon,0.12
TX,145,Liberty,0.20
TX,146,Limestone,0.24
TX,147,Lipscomb,0.10
TX,148,Live Oak,0.16
TX,149,Llano,0.24
TX,150,Loving,0.06
TX,151,Lubbock,0.33
TX,152,Lynn,0.19
TX,153,McCulloch,0.14
TX,154,McLennan,0.38
TX,155,McMullen,0.10
TX,156,Madison,0.21
TX,157,Marion,0.28
TX,158,Martin,0.13
TX,159,Mason,0.21
TX,160,Matagorda,0.27
TX,161,Maverick,0.54
TX,162,Medina,0.30
TX,163,Menard,0.19
TX,164,Midland,0.21
TX,165,Milam,0.24
TX,166,Mills,0.11
TX,167,Mitchell,0.15
TX,168,Montague,0.11
TX,169,Montgomery,0.27
TX,170,Moore,0.19
TX,171,Morris,0.30
TX,172,Motley,0.07
TX,173,Nacogdoches,0.34
TX,174,Navarro,0.27
TX,175,Newton,0.19
TX,176,Nolan,0.22
TX,177,Nueces,0.48
TX,178,Ochiltree,0.10
TX,179,Oldham,0.08
TX,180,Orange,0.18
TX,181,Palo Pinto,0.17
TX,182,Panola,0.18
TX,183,Parker,0.17
TX,184,Parmer,0.18
TX,185,Pecos,0.30
TX,186,Polk,0.22
TX,187,Potter,0.30
TX,188,Presidio,0.66
TX,189,Rains,0.14
TX,190,Randall,0.20
TX,191,Reagan,0.15
TX,192,Real,0.16
TX,193,Red River,0.22
TX,194,Reeves,0.38
TX,195,Refugio,0.33
TX,196,Roberts,0.03
TX,197,Robertson,0.29
TX,198,Rockwall,0.31
TX,199,Runnels,0.13
TX,200,Rusk,0.22
TX,201,Sabine,0.12
TX,202,San Augustine,0.25
TX,203,San Jacinto,0.19
TX,204,San Patricio,0.35
TX,205,San Saba,0.11
TX,206,Schleicher,0.18
TX,207,Scurry,0.14
TX,208,Shackelford,0.08
TX,209,Shelby,0.21
TX,210,Sherman,0.09
TX,211,Smith,0.30
TX,212,Somervell,0.16
TX,213,Starr,0.52
TX,214,Stephens,0.10
TX,215,Sterling,0.08
TX,216,Stonewall,0.16
TX,217,Sutton,0.21
TX,218,Swisher,0.20
TX,219,Tarrant,0.49
TX,220,Taylor,0.27
TX,221,Terrell,0.26
TX,222,Terry,0.21
TX,223,Throckmorton,0.09
TX,224,Titus,0.27
TX,225,Tom Green,0.27
TX,226,Travis,0.71
TX,227,Trinity,0.19
TX,228,Tyler,0.15
TX,229,Upshur,0.15
TX,230,Upton,0.12
TX,231,Uvalde,0.39
TX,232,Val Verde,0.44
TX,233,Van Zandt,0.14
TX,234,Victoria,0.30
TX,235,Walker,0.33
TX,236,Waller,0.36
TX,237,Ward,0.19
TX,238,Washington,0.25
TX,239,Webb,0.61
TX,240,Wharton,0.28
TX,241,Wheeler,0.07
TX,242,Wichita,0.29
TX,243,Wilbarger,0.21
TX,244,Willacy,0.56
TX,245,Williamson,0.50
TX,246,Wilson,0.25
TX,247,Winkler,0.17
TX,248,Wise,0.15
TX,249,Wood,0.15
TX,250,Yoakum,0.16
TX,251,Young,0.13
TX,252,Zapata,0.47
TX,253,Zavala,0.65
UT,0,Beaver,0.12
UT,1,Box Elder,0.17
UT,2,Cache,0.29
UT,3,Carbon,0.26
UT,4,Daggett,0.18
UT,5,Davis,0.34
UT,6,Duchesne,0.10
UT,7,Emery,0.12
UT,8,Garfield,0.19
UT,9,Grand,0.54
UT,10,Iron,0.20
UT,11,Juab,0.11
UT,12,Kane,0.26
UT,13,Millard,0.10
UT,14,Morgan,0.17
UT,15,Piute,0.10
UT,16,Rich,0.13
UT,17,Salt Lake,0.54
UT,18,San Juan,0.45
UT,19,Sanpete,0.14
UT,20,Sevier,0.11
UT,21,Summit,0.58
UT,22,Tooele,0.28
UT,23,Uintah,0.11
UT,24,Utah,0.27
UT,25,Wasatch,0.35
UT,26,Washington,0.23
UT,27,Wayne,0.23
UT,28,Weber,0.37
VT,0,Addison_County,0.66
VT,1,Bennington_County,0.61
VT,2,Caledonia_County,0.56
VT,3,Essex_County_VT,0.46
VT,4,Franklin_County,0.51
VT,5,Grand_Isle_County,0.59
VT,6,Lamoille_County,0.63
VT,7,Orange_County_VT,0.59
VT,8,Orleans_County,0.50
VT,9,Rutland_County,0.53
VT,10,Washington_County_VT,0.72
VT,11," Windham_County,",0.68
VT,12,Windsor_County,0.67
VA,0,Accomack,0.45
VA,1,Albemarle,0.66
VA,2,Alleghany,0.27
VA,3,Amelia,0.31
VA,4,Amherst,0.33
VA,5,Appomattox,0.26
VA,6,Arlington,0.81
VA,7,Augusta,0.26
VA,8,Bath,0.26
VA,9,Bedford,0.25
VA,10,Bland,0.15
VA,11,Botetourt,0.27
VA,12,Brunswick,0.57
VA,13,Buchanan,0.16
VA,14,Buckingham,0.43
VA,15,Campbell,0.27
VA,16,Caroline,0.47
VA,17,Carroll,0.18
VA,18,Charles City,0.59
VA,19,Charlotte,0.37
VA,20,Chesterfield,0.52
VA,21,Clarke,0.42
VA,22,Craig,0.19
VA,23,Culpeper,0.39
VA,24,Cumberland,0.42
VA,25,Dickenson,0.21
VA,26,Dinwiddie,0.41
VA,27,Essex,0.49
VA,28,Fairfax,0.70
VA,29,Fauquier,0.40
VA,30,Floyd,0.32
VA,31,Fluvanna,0.47
VA,32,Franklin,0.28
VA,33,Frederick,0.35
VA,34,Giles,0.24
VA,35,Gloucester,0.31
VA,36,Goochland,0.39
VA,37,Grayson,0.19
VA,38,Greene,0.37
VA,39,Greensville,0.57
VA,40,Halifax,0.42
VA,41,Hanover,0.36
VA,42,Henrico,0.64
VA,43,Henry,0.35
VA,44,Highland,0.27
VA,45,Isle of Wight,0.40
VA,46,James City,0.52
VA,47,King and Queen,0.39
VA,48,King George,0.38
VA,49,King William,0.30
VA,50,Lancaster,0.47
VA,51,Lee,0.15
VA,52,Loudoun,0.62
VA,53,Louisa,0.38
VA,54,Lunenburg,0.40
VA,55,Madison,0.33
VA,56,Mathews,0.31
VA,57,Mecklenburg,0.42
VA,58,Middlesex,0.37
VA,59,Montgomery,0.52
VA,60,Nelson,0.46
VA,61,New Kent,0.32
VA,62,Northampton,0.55
VA,63,Northumberland,0.42
VA,64,Nottoway,0.42
VA,65,Orange,0.39
VA,66,Page,0.24
VA,67,Patrick,0.21
VA,68,Pittsylvania,0.30
VA,69,Powhatan,0.27
VA,70,Prince Edward,0.52
VA,71,Prince George,0.41
VA,72,Prince William,0.63
VA,73,Pulaski,0.28
VA,74,Rappahannock,0.42
VA,75,Richmond,0.37
VA,76,Roanoke,0.38
VA,77,Rockbridge,0.33
VA,78,Rockingham,0.29
VA,79,Russell,0.18
VA,80,Scott,0.16
VA,81,Shenandoah,0.29
VA,82,Smyth,0.21
VA,83,Southampton,0.41
VA,84,Spotsylvania,0.46
VA,85,Stafford,0.51
VA,86,Surry,0.54
VA,87,Sussex,0.56
VA,88,Tazewell,0.16
VA,89,Warren,0.31
VA,90,Washington,0.23
VA,91,Westmoreland,0.45
VA,92,Wise,0.19
VA,93,Wythe,0.21
VA,94,York,0.46
VA,95,Alexandria,0.81
VA,96,Bristol,0.30
VA,97,Buena Vista,0.29
VA,98,Charlottesville,0.86
VA,99,Chesapeake,0.52
VA,100,Colonial Heights,0.33
VA,101,Covington,0.37
VA,102,Danville,0.61
VA,103,Emporia,0.68
VA,104,Fairfax City,0.69
VA,105,Falls Church,0.82
VA,106,Franklin City,0.62
VA,107,Fredericksburg,0.67
VA,108,Galax,0.30
VA,109,Hampton,0.70
VA,110,Harrisonburg,0.65
VA,111,Hopewell,0.57
VA,112,Lexington,0.65
VA,113,Lynchburg,0.50
VA,114,Manassas,0.61
VA,115,Manassas Park,0.65
VA,116,Martinsville,0.63
VA,117,Newport News,0.65
VA,118,Norfolk,0.72
VA,119,Norton,0.29
VA,120,Petersburg,0.88
VA,121,Poquoson,0.26
VA,122,Portsmouth,0.70
VA,123,Radford,0.53
VA,124,Richmond City,0.83
VA,125,Roanoke City,0.62
VA,126,Salem,0.39
VA,127,Staunton,0.54
VA,128,Suffolk,0.58
VA,129,Virginia Beach,0.52
VA,130,Waynesboro,0.47
VA,131,Williamsburg,0.70
VA,132,Winchester,0.55
WA,0,Adams,0.31
WA,1,Asotin,0.36
WA,2,Benton,0.38
WA,3,Chelan,0.45
WA,4,Clallam,0.50
WA,5,Clark,0.51
WA,6,Columbia,0.27
WA,7,Cowlitz,0.40
WA,8,Douglas,0.37
WA,9,Ferry,0.34
WA,10,Franklin,0.41
WA,11,Garfield,0.25
WA,12,Grant,0.32
WA,13,Grays Harbor,0.46
WA,14,Island,0.55
WA,15,Jefferson,0.70
WA,16,King,0.76
WA,17,Kitsap,0.57
WA,18,Kittitas,0.43
WA,19,Klickitat,0.44
WA,20,Lewis,0.32
WA,21,Lincoln,0.25
WA,22,Mason,0.47
WA,23,Okanogan,0.42
WA,24,Pacific,0.49
WA,25,Pend Oreille,0.31
WA,26,Pierce,0.54
WA,27,San Juan,0.75
WA,28,Skagit,0.52
WA,29,Skamania,0.44
WA,30,Snohomish,0.59
WA,31,Spokane,0.46
WA,32,Stevens,0.28
WA,33,Thurston,0.58
WA,34,Wahkiakum,0.39
WA,35,Walla Walla,0.44
WA,36,Whatcom,0.61
WA,37,Whitman,0.53
WA,38,Yakima,0.45
WV,0,Barbour,0.22
WV,1,Berkeley,0.33
WV,2,Boone,0.23
WV,3,Braxton,0.26
WV,4,Brooke,0.28
WV,5,Cabell,0.40
WV,6,Calhoun,0.19
WV,7,Clay,0.19
WV,8,Doddridge,0.14
WV,9,Fayette,0.30
WV,10,Gilmer,0.23
WV,11,Grant,0.11
WV,12,Greenbrier,0.29
WV,13,Hampshire,0.19
WV,14,Hancock,0.28
WV,15,Hardy,0.22
WV,16,Harrison,0.30
WV,17,Jackson,0.24
WV,18,Jefferson,0.44
WV,19,Kanawha,0.42
WV,20,Lewis,0.21
WV,21,Lincoln,0.22
WV,22,Logan,0.18
WV,23,McDowell,0.20
WV,24,Marion,0.35
WV,25,Marshall,0.25
WV,26,Mason,0.23
WV,27,Mercer,0.22
WV,28,Mineral,0.21
WV,29,Mingo,0.14
WV,30,Monongalia,0.48
WV,31,Monroe,0.21
WV,32,Morgan,0.23
WV,33,Nicholas,0.21
WV,34,Ohio,0.36
WV,35,Pendleton,0.22
WV,36,Pleasants,0.20
WV,37,Pocahontas,0.26
WV,38,Preston,0.22
WV,39,Putnam,0.28
WV,40,Raleigh,0.24
WV,41,Randolph,0.28
WV,42,Ritchie,0.14
WV,43,Roane,0.25
WV,44,Summers,0.26
WV,45,Taylor,0.24
WV,46,Tucker,0.24
WV,47,Tyler,0.16
WV,48,Upshur,0.22
WV,49,Wayne,0.24
WV,50,Webster,0.18
WV,51,Wetzel,0.23
WV,52,Wirt,0.18
WV,53,Wood,0.28
WV,54,Wyoming,0.14
WI,0,Adams,0.37
WI,1,Ashland,0.55
WI,2,Barron,0.36
WI,3,Bayfield,0.57
WI,4,Brown,0.46
WI,5,Buffalo,0.37
WI,6,Burnett,0.35
WI,7,Calumet,0.39
WI,8,Chippewa,0.39
WI,9,Clark,0.30
WI,10,Columbia,0.49
WI,11,Crawford,0.46
WI,12,Dane,0.76
WI,13,Dodge,0.34
WI,14,Door,0.50
WI,15,Douglas,0.54
WI,16,Dunn,0.42
WI,17,Eau Claire,0.54
WI,18,Florence,0.27
WI,19,Fond du Lac,0.36
WI,20,Forest,0.34
WI,21,Grant,0.43
WI,22,Green,0.51
WI,23,Green Lake,0.31
WI,24,Iowa,0.56
WI,25,Iron,0.38
WI,26,Jackson,0.42
WI,27,Jefferson,0.42
WI,28,Juneau,0.35
WI,29,Kenosha,0.48
WI,30,Kewaunee,0.33
WI,31,La Crosse,0.56
WI,32,Lafayette,0.43
WI,33,Langlade,0.33
WI,34,Lincoln,0.38
WI,35,Manitowoc,0.38
WI,36,Marathon,0.40
WI,37,Marinette,0.32
WI,38,Marquette,0.36
WI,39,Menominee,0.82
WI,40,Milwaukee,0.69
WI,41,Monroe,0.37
WI,42,Oconto,0.29
WI,43,Oneida,0.42
WI,44,Outagamie,0.44
WI,45,Ozaukee,0.43
WI,46,Pepin,0.36
WI,47,Pierce,0.42
WI,48,Polk,0.36
WI,49,Portage,0.50
WI,50,Price,0.36
WI,51,Racine,0.47
WI,52,Richland,0.44
WI,53,Rock,0.55
WI,54,Rusk,0.32
WI,55,St. Croix,0.41
WI,56,Sauk,0.50
WI,57,Sawyer,0.43
WI,58,Shawano,0.32
WI,59,Sheboygan,0.41
WI,60,Taylor,0.25
WI,61,Trempealeau,0.41
WI,62,Vernon,0.47
WI,63,Vilas,0.38
WI,64,Walworth,0.40
WI,65,Washburn,0.37
WI,66,Washington,0.30
WI,67,Waukesha,0.39
WI,68,Waupaca,0.33
WI,69,Waushara,0.32
WI,70,Winnebago,0.47
WI,71,Wood,0.40
WY,0,Albany,0.49
WY,1,Big Horn,0.14
WY,2,Campbell,0.10
WY,3,Carbon,0.21
WY,4,Converse,0.12
WY,5,Crook,0.09
WY,6,Fremont,0.31
WY,7,Goshen,0.19
WY,8,Hot Springs,0.19
WY,9,Johnson,0.18
WY,10,Laramie,0.34
WY,11,Lincoln,0.14
WY,12,Natrona,0.24
WY,13,Niobrara,0.12
WY,14,Park,0.20
WY,15,Platte,0.18
WY,16,Sheridan,0.25
WY,17,Sublette,0.18
WY,18,Sweetwater,0.23
WY,19,Teton,0.67
WY,20,Uinta,0.17
WY,21,Washakie,0.16
WY,22,Weston,0.10